Eco_code,Annual,Permanent,Pasture,Urban,ForExtensive,ForIntensive
AA0101,0.022811038,0.023967331,0.023837871,#VALUE!,0.025572939,0.023498025
AA0102,0.035010072,0.035567142,0.036312727,0.036117919,0.039029909,0.033378585
AA0103,0,0,0,0,0,0
AA0104,0.047512294,0.049542275,0.050202472,0.048967899,0.053605274,0.046520528
AA0105,0.407072146,0.413671897,0.422387247,0.417025489,0.458015639,0.401015228
AA0106,0.107476398,0.108683242,0.116423963,  ,0.119216375,0.108511721
AA0107,0.049869954,0.051266046,0.052655582,0.051589932,0.058337298,0.051223607
AA0108,0,0,0,0,0,0
AA0109,#VALUE!,#VALUE!,0,#VALUE!,#VALUE!,#VALUE!
AA0110,0,0,0,#VALUE!,0,0
AA0111,0.310017564,0.32770128,0.337694373,0.3188852,0.350248895,0.323964499
AA0112,0.144203264,0.145442189,0.14628754,#VALUE!,0.163337646,0.140238926
AA0113,0.599839548,0.569059703,0.618586606,0.600834892,0.634243946,0.558558188
AA0114,#VALUE!,#VALUE!,0,#VALUE!,#VALUE!,#VALUE!
AA0115,0.547355687,0.564940122,0.590461536,0.580262996,0.648632975,0.569963675
AA0116,0.123115343,0.12635458,0.131404933,0.129702364,0.145791969,0.124542207
AA0117,0.215901539,0.216200972,0.231982937,0.227997619,0.246627982,0.224062756
AA0118,0.076009119,0.07494153,0.077314607,0.076169468,0.084898354,0.071746927
AA0119,0.197052724,0.206118125,0.22064448,0.207699141,0.226463669,0.203403208
AA0120,0.229505695,0.25515674,0.246572021,0.244417764,0.269147274,0.243127459
AA0121,0.840593035,0.862494807,0.86076007,0.865979888,0.959091044,0.822594791
AA0122,0.542890338,0.555571054,0.580224433,0.555850299,0.631970264,0.56760379
AA0123,0.259206922,0.267231154,0.266428314,0.261828434,0.282760268,0.243225935
AA0124,0.273734737,0.278846488,0.291050324,0.281902693,0.305559556,0.275468607
AA0125,0,0,0,0,0,0
AA0126,0.338601523,0.341513935,0.352095409,0.335908495,0.356187416,0.327974582
AA0127,0.069779672,0.069673011,0.071470973,0.070026206,0.07741596,0.070740242
AA0128,0.285628997,0.292071018,0.30659291,0.289108641,0.321596266,0.281567635
AA0201,0.13280503,0.139172843,0.139673181,0.136675953,0.156393398,0.148339966
AA0202,1.288355306,1.226223623,1.273014318,1.307584996,2.255363127,1.243766576
AA0203,0.092928446,0.101702461,0.101986418,#VALUE!,0.146266582,0.098659729
AA0204,0.171532144,0.177950548,0.188137693,0.17799371,0.240640744,0.177643011
AA0401,#VALUE!,#VALUE!,0.010722794,#VALUE!,#VALUE!,#VALUE!
AA0402,0.362309911,0.354842698,0.33268671,0.317081522,#DIV/0!,#DIV/0!
AA0403,0.091543974,0.106407761,0.113667657,#VALUE!,#DIV/0!,#DIV/0!
AA0404,0.079128802,0.081431967,0.080422192,0.077168621,#DIV/0!,#DIV/0!
AA0405,0.491565535,0.492176074,0.450006227,0.474429925,#DIV/0!,#DIV/0!
AA0406,0.223136176,0.251975374,0.215133749,0.227382969,#DIV/0!,#DIV/0!
AA0407,0.014047418,0.016478604,0.015379008,#VALUE!,#DIV/0!,#DIV/0!
AA0408,0.07957471,0.083622758,0.082342854,0.086565793,#DIV/0!,#DIV/0!
AA0409,0.690118188,0.655721341,0.659010703,0.6575469,0.792943532,0.936992119
AA0410,0.123344044,0.119425663,0.110315733,0.117983344,#DIV/0!,0.931219642
AA0411,0.20313377,0.172837145,0.169330614,0.187540978,#DIV/0!,#DIV/0!
AA0412,0.208504682,0.220747342,0.188350738,0.184581828,#DIV/0!,#DIV/0!
AA0413,0.326187641,0.295792789,0.258597606,0.247349471,#DIV/0!,#DIV/0!
AA0414,0.049136264,0.052708081,0.05106455,#VALUE!,#DIV/0!,#DIV/0!
AA0701,#VALUE!,#VALUE!,0.115893594,0.115942682,#DIV/0!,#DIV/0!
AA0702,0.468055017,0.450431269,0.465964469,0.469549521,0.616341749,0.190321711
AA0703,0.074909544,0.076243903,0.077817687,#VALUE!,#DIV/0!,0.007215189
AA0704,0.44427292,0.45538533,0.46809313,#VALUE!,#DIV/0!,0.766395374
AA0705,0.177802418,0.174171218,0.184607016,0.186090934,#DIV/0!,#DIV/0!
AA0706,0.360384253,0.346311517,0.357665563,0.367140712,#DIV/0!,#DIV/0!
AA0707,1.113910658,1.117020147,1.113539447,1.13423443,#DIV/0!,#DIV/0!
AA0708,0.236681194,0.25301377,0.299393542,0.244628825,0.242345036,0.165367751
AA0709,0.392529501,0.377034206,0.386120185,#VALUE!,#DIV/0!,0.045959442
AA0801,0.497448961,0.556514242,0.615658331,0.515729275,0.592099098,0.52106749
AA0802,0.323274018,0.351388723,0.349644294,#VALUE!,0.123642056,0.340726768
AA0803,0.389594672,0.474502398,0.488160493,0.400495063,0.672854861,0.433973481
AA1001,0.073485857,0.078256734,0.065369484,#VALUE!,0.076092508,0.072816346
AA1002,0.152107604,0.149468849,0.156109905,0.15379335,0.190077667,0.146981069
AA1003,0.348040324,0.373623321,0.36321236,0.369892205,#DIV/0!,0.343069744
AA1101,#VALUE!,#VALUE!,0.008866204,#VALUE!,#VALUE!,#VALUE!
AA1201,0.090778496,0.095479494,0.085653751,0.092086577,0.092009281,0.095373117
AA1202,0.636062827,0.665449041,0.556201169,0.655856902,0.631480606,0.577093289
AA1203,0.029137122,0.029789386,0.025868013,0.028620962,0.02985118,0.026939753
AA1204,0.080835716,0.081874289,0.067929537,0.084906976,0.08020505,0.08089283
AA1205,0.110931908,0.112948268,0.095554707,0.114569868,0.11046874,0.109172691
AA1206,0.011529861,0.011491063,0.010225096,0.01153322,0.012075647,0.009896101
AA1207,0.190579976,0.191469374,0.172429008,0.188609604,0.184891984,0.182011214
AA1208,0.01912131,0.018754151,0.016728048,0.019366716,0.01958472,0.016484499
AA1209,1.211291349,1.256436458,1.071855268,1.203698724,1.173877343,1.179225357
AA1210,0.40877723,0.405638081,0.353740433,0.417031335,0.427469344,0.370809016
AA1301,0.083007656,0.087129404,0.084891366,0.084187039,#DIV/0!,0.103670325
AA1302,0.127937309,0.135381307,0.123852475,0.127263057,#VALUE!,#VALUE!
AA1303,0.255125089,0.268397953,0.26248748,#VALUE!,#VALUE!,#VALUE!
AA1304,1.063886209,1.098947299,1.008262639,1.038133508,#DIV/0!,1.195736402
AA1305,0.746428636,0.732644311,0.696289162,#VALUE!,#VALUE!,#VALUE!
AA1306,0.642502687,0.623533452,0.59860357,#VALUE!,#VALUE!,#VALUE!
AA1307,0.137734697,0.143169542,0.135198146,0.140981356,#DIV/0!,0.148880186
AA1308,0.440680875,0.47595559,0.476715466,#VALUE!,#DIV/0!,0.543626477
AA1309,0.298490676,0.313287539,0.296713911,0.310486376,#DIV/0!,0.335749363
AA1310,0.331439215,0.337024082,0.317406669,#VALUE!,#DIV/0!,0.396092683
AA1401,2.333840387,2.285050909,2.18348726,2.318921813,2.326055066,2.621275048
AT0101,0.132609762,0.136825246,0.13729294,0.138974995,0.150218522,0.135768437
AT0102,0.101054807,0.09984326,0.10545728,0.102508199,0.115384044,0.102670206
AT0103,0.029360276,0.030297031,0.030265603,0.030204191,0.032901897,0.029504337
AT0104,0.374666518,0.388024875,0.394688705,0.383770028,#VALUE!,0.372435882
AT0105,0.02242186,0.022705559,0.023647229,0.023270745,0.024901735,0.022549307
AT0106,0.032179343,0.032459856,0.032515931,0.033586558,0.035321925,0.032715399
AT0107,0.065790181,0.066669404,0.068243063,0.069957152,0.075680436,0.066438292
AT0108,0.06407871,0.066614378,0.066852804,0.067263021,0.075344524,0.065416025
AT0109,0.028990982,0.029765459,0.03019898,0.029046348,0.032188321,0.028928462
AT0110,0.152086776,0.168328601,0.169302063,0.162532271,#VALUE!,0.156033157
AT0111,0.172852124,0.175336847,0.178521088,0.177229593,0.194543342,0.17412587
AT0112,0.333756144,0.341064496,0.338910591,0.35222704,0.372256583,0.347239259
AT0113,#VALUE!,#VALUE!,0.006408282,#VALUE!,#VALUE!,#VALUE!
AT0114,0.016882394,0.017577061,0.017040288,0.01753037,0.018531653,0.017194322
AT0115,0.042589912,0.042158753,0.043958967,0.044134612,0.049131985,0.042342812
AT0116,0.058304393,0.058957558,0.058631968,0.060065115,0.064778895,0.059424233
AT0117,0.378497312,0.390267125,0.387170089,0.390032159,0.417384024,0.376225522
AT0118,1.235074144,1.282664533,1.28162128,1.291363774,1.389288744,1.260574576
AT0119,0.091719852,0.091835918,0.094862624,0.094668371,0.100439041,0.089878542
AT0120,0.081448835,0.081848205,#VALUE!,0.085058687,0.094568878,0.08192194
AT0121,0.003783389,0.00389486,0.004005477,0.004007312,0.004262023,0.003862874
AT0122,0.033205079,0.033090831,0.033144538,0.033072909,0.035903649,0.033110628
AT0123,0.072831842,0.075972119,0.075922883,0.076368182,0.082040614,0.073858485
AT0124,0.454111229,0.478867369,0.481375431,0.471344346,0.530946573,0.450608644
AT0125,0.081881244,0.083859738,0.084434391,0.084785641,0.088716178,0.083905852
AT0126,0.332444131,0.338380445,0.356637538,0.343530943,0.390211489,0.33220798
AT0127,0.050035188,0.051256624,0.053040616,0.05275162,0.057810045,#VALUE!
AT0128,0.128021464,0.127813177,0.13065581,0.134232546,0.146709411,0.128770175
AT0129,0.201804678,0.212530016,0.212182125,0.21531147,0.245601811,0.205028115
AT0130,0.204109879,0.210297673,0.204390182,0.208099388,0.222671466,0.205024091
AT0201,0.895132474,0.918675144,0.986769412,0.903241381,#VALUE!,0.916009574
AT0202,1.570043056,1.5288847,1.49498016,1.496634386,3.589746667,1.575365302
AT0203,0.052096001,0.051129472,0.055089965,0.052192528,0.067932674,0.05461393
AT0701,0.462586193,0.440689547,0.468643521,0.424781031,0.642770382,#DIV/0!
AT0702,0.200810441,0.218138491,0.219789957,0.216835986,0.773920533,0.158163278
AT0703,#VALUE!,#VALUE!,0.174252436,#VALUE!,#VALUE!,#VALUE!
AT0704,0.576745059,0.602450448,0.572928801,0.546679176,#DIV/0!,0.395950646
AT0705,0.144485575,0.148118759,0.140033341,0.147804556,0.219763667,#DIV/0!
AT0706,0.331786388,0.326208434,0.343403212,0.332039842,0.421178232,#DIV/0!
AT0707,0.271540213,0.277494997,0.283136993,0.282486195,0.505982752,0.632410575
AT0708,0.014955047,0.015127011,0.015740582,#VALUE!,0.027796862,0.015563634
AT0709,0.326258319,0.332313995,0.323451461,0.324366158,#DIV/0!,#DIV/0!
AT0710,0.004220938,0.004486571,0.004642869,#VALUE!,0.005614215,0.004934726
AT0711,0.324480262,0.329771793,0.334230238,0.332365555,1.481226134,0.18453412
AT0712,0.408082909,0.435940144,0.359699704,0.350497864,0.408884126,#DIV/0!
AT0713,0.409217802,0.429729666,0.431826604,0.430218204,2.56090821,0.29627848
AT0714,0.026670954,0.026336817,0.02612936,#VALUE!,0.040720972,0.016858785
AT0715,0.516027079,0.511337505,0.503241385,0.524744635,#DIV/0!,1.289393942
AT0716,0.14121638,0.1408979,0.157748193,0.144956059,0.188563443,0.128862352
AT0717,0.280303887,0.277412844,0.299026454,0.29100414,0.524637219,0.320729664
AT0718,0.363085623,0.430250434,0.220714131,0.362664555,#DIV/0!,0.397317396
AT0719,0.28851704,0.315284331,0.32641042,0.320485194,0.516679368,#DIV/0!
AT0721,0.148326254,0.147672383,0.153742749,0.149537582,0.281485014,0.208498601
AT0722,0.257670636,0.262928788,0.286793285,0.269091255,0.475480022,0.337473289
AT0723,0.309416872,0.334861073,0.271536129,0.286361692,0.902061711,#DIV/0!
AT0724,0.068774799,0.06571075,0.068846804,0.070594977,0.043571311,#DIV/0!
AT0725,0.385722483,0.376700995,0.415927054,0.391312101,0.686853236,0.2674857
AT0726,0.311705492,0.29644924,0.320183414,0.324274419,0.292375909,0.116949625
AT0801,#VALUE!,#VALUE!,0.061032636,0.056700783,#VALUE!,0.056624433
AT0802,#VALUE!,#VALUE!,0,#VALUE!,#VALUE!,#VALUE!
AT0803,#VALUE!,#VALUE!,0.077246897,#VALUE!,#VALUE!,#VALUE!
AT0901,0.033112627,0.033547986,0.033976238,#VALUE!,#DIV/0!,0.036739845
AT0902,0.142971362,0.137171596,0.148395299,#VALUE!,#VALUE!,#VALUE!
AT0903,0.016507567,0.014950146,0.016997755,0.016587116,0.058668885,0.017413362
AT0904,0.004902453,0.005125036,0.005167543,0.005174943,0.011421292,0.005310717
AT0905,0.046784833,0.046449997,0.04933152,0.047590688,0.113889662,0.053357052
AT0906,0.055540597,0.045646496,0.046715196,0.050746921,0.074321699,0.050715268
AT0907,0.17767617,0.181104908,0.201438597,0.190946066,0.298363028,0.192957312
AT0908,0.537861412,0.523916194,0.558827933,0.527698534,0.594984661,0.510830956
AT1001,0.022287278,0.020371328,0.022456677,0.020651231,0.028883273,0.022273771
AT1002,0.06494869,0.062868864,0.064639367,0.063676676,0.077370521,0.063752896
AT1003,0.074492167,0.078761861,0.077120683,0.073175487,0.299617196,0.07209724
AT1004,0.278225997,0.283676151,0.311897827,0.288091835,0.41264761,0.293042039
AT1005,0.046253373,0.044835244,0.048638661,0.045870305,0.054303073,0.04548536
AT1006,0.024881723,0.02382746,0.02532448,0.020791882,0.024067146,0.021378002
AT1007,0.68454245,0.700315782,0.74660965,0.701150225,1.25527677,0.709816828
AT1008,0.197895635,0.207176618,0.238615284,0.206833154,0.366696655,0.210630025
AT1009,0.146267442,0.152129188,0.158069184,0.143710608,0.297539778,0.141306907
AT1010,0.006829589,0.007390759,0.007268037,0.006916393,0.010250123,0.006669509
AT1011,0.027970344,0.027176826,0.028988274,#VALUE!,0.038215308,0.027818388
AT1012,0.076574292,0.07453027,0.076713636,0.075094041,0.124997761,0.077917809
AT1013,0.036536094,0.035739561,0.038756767,0.038396371,0.062429098,0.036534656
AT1014,0.010143175,0.010681869,0.01142775,0.010746449,0.022266553,0.010446455
AT1015,0.092078514,0.091856052,0.093230021,0.092623318,0.150719564,0.092635668
AT1201,0.244530215,0.243711233,0.212816197,0.242830083,0.222577584,0.24595384
AT1202,0.668948684,0.690898416,0.565488314,0.670761722,0.619973531,0.611913201
AT1203,0.344500336,0.376111883,0.31221026,0.342088987,0.376089886,0.341686707
AT1302,0.122252617,0.125859671,0.127263093,0.124809696,2.573105031,#VALUE!
AT1303,0.019091814,0.019890547,0.019291357,#VALUE!,#VALUE!,#VALUE!
AT1304,#VALUE!,#VALUE!,0.049379177,0.047067595,#VALUE!,#VALUE!
AT1305,0.218041153,0.225978662,0.218855862,0.238940225,#DIV/0!,0.240561703
AT1306,0.296828079,0.282858581,0.275509351,0.294188858,#VALUE!,#VALUE!
AT1307,0.037045618,0.03818023,0.037160187,0.037767513,#VALUE!,#VALUE!
AT1308,#VALUE!,#VALUE!,0,#VALUE!,#VALUE!,#VALUE!
AT1309,1.241951503,1.208901287,1.236418864,1.265722547,#DIV/0!,#VALUE!
AT1310,0.587458129,0.596293247,0.624195093,0.610368026,#VALUE!,#VALUE!
AT1311,0.83544082,0.820965697,0.774610855,0.831939634,0.862875977,0.914601816
AT1312,1.252733312,1.226732548,1.188407518,1.236519334,#DIV/0!,1.441560444
AT1313,0.137065257,0.136188619,0.13070316,#VALUE!,#DIV/0!,0.144242054
AT1314,2.193475953,2.325160299,2.101143988,2.210590644,#DIV/0!,2.512200254
AT1315,#VALUE!,#VALUE!,0.530635554,0.504830076,#VALUE!,#VALUE!
AT1316,0.92938541,0.994480797,0.923483386,0.962583064,#DIV/0!,1.079000636
AT1318,0.096299395,0.095272609,0.098904842,#VALUE!,#VALUE!,#VALUE!
AT1319,0.052666728,0.053975207,0.052462171,#VALUE!,#DIV/0!,0.059229054
AT1320,1.036219625,1.00904814,1.105071718,1.055962139,#DIV/0!,#VALUE!
AT1321,0.070352424,0.072369566,0.070371219,0.073560421,#DIV/0!,#VALUE!
AT1322,0.244859689,0.246861208,0.24286574,0.26450942,#DIV/0!,0.271597178
AT1401,0.557030488,0.531170672,0.578298269,0.576146506,0.618218111,0.495587802
AT1402,0.223252845,0.222363904,0.21712609,0.201543973,0.3231532,0.247607968
AT1403,0.220090193,0.217169187,0.23782098,0.214334951,0.283816333,0.219692021
AT1404,0.579328037,0.513580309,0.57433947,0.548991638,0.788441057,0.568971056
AT1405,0.040191213,0.039954379,0.039491399,0.038083061,0.043262678,0.039026645
IM0101,0.031873319,0.032923899,0.033818192,0.032525132,0.036863795,0.031120438
IM0102,0.507158233,0.514247711,0.549391222,0.512791578,0.571798005,0.493923582
IM0103,0.353077265,0.368290758,0.380182182,0.382965467,0.409325646,0.365610185
IM0104,0.347970326,0.344901591,0.374935836,0.370575834,0.389484843,0.344099795
IM0105,0.14306104,0.140599808,0.13890841,0.143644645,0.151816641,0.138935858
IM0106,0.061097362,0.062002006,0.062042385,0.062294918,0.068148404,0.060222469
IM0107,0.140729947,0.142739493,0.144838544,0.14524456,0.157962395,0.140660996
IM0108,0.039829963,0.039387609,0.039995097,0.039952204,0.042913032,0.039663272
IM0109,0.045825562,0.045360705,0.047840163,0.046582448,0.053178051,0.047154762
IM0110,#VALUE!,#VALUE!,0,#VALUE!,#VALUE!,#VALUE!
IM0111,0.309619588,0.315487753,0.312913273,0.32279183,0.365374467,0.32386802
IM0112,0.134593608,0.136046762,0.138280676,0.139375638,0.15179918,0.131210321
IM0113,0.230070006,0.231994337,0.233718307,0.238593332,0.259625383,0.231303411
IM0114,0.25599674,0.264724973,#VALUE!,0.261649303,0.286034896,0.267470495
IM0115,0.116859731,0.123395152,0.121361726,0.121821695,0.131822564,0.119762304
IM0116,0.054654623,0.052265142,0.053654107,0.053384893,0.058924614,0.053736525
IM0117,0.285295798,0.294462033,0.30251968,0.299091304,0.319887813,0.288103682
IM0118,0.137851449,0.139068953,0.150066286,0.144655487,0.157709366,0.145150446
IM0119,0.119522126,0.118927481,0.123783281,0.123972529,0.132004695,0.120531358
IM0120,0.11337692,0.112393316,0.114058081,0.11479845,0.119155668,0.112965914
IM0121,0.080846741,0.081844993,0.082147661,0.082692196,0.092506536,0.079418973
IM0122,0.119263135,0.118698146,0.126810943,0.123666669,0.131869467,0.112184043
IM0123,0.425132234,0.436216475,0.447205721,0.448112664,0.48007775,0.420665626
IM0124,0.043294188,0.044857436,0.044744315,0.045500254,0.049609183,0.043616142
IM0125,0.009049286,0.009097602,0.009307294,0.009391633,0.010228011,0.009424806
IM0126,0.061428233,0.063779315,0.061893334,0.062300586,0.064942313,0.061061548
IM0127,0.044725309,0.046532858,#VALUE!,#VALUE!,0.055195235,0.045367893
IM0128,0.222894113,0.233709188,0.231293566,0.227864932,0.251413766,0.222128728
IM0129,0.544213846,0.567324367,0.569777542,0.566639647,0.586814951,0.544452424
IM0130,0.090934473,0.092117918,#VALUE!,0.094171213,0.102807555,0.091023561
IM0131,0.158106819,0.155821643,0.162786588,0.159043545,0.177688586,0.155526371
IM0132,0.110937286,0.114075492,0.113666448,0.116823578,0.127646497,0.111168251
IM0133,0.011035014,0.010641097,0.011059565,#VALUE!,0.012028493,0.011028576
IM0134,0.379662858,0.393336889,0.382074588,0.393065885,0.444289845,0.394009105
IM0135,0.206922022,0.205600615,0.211146193,0.21039282,0.223671858,0.206361494
IM0136,0.061067495,0.063901862,0.066756787,0.064505337,0.071701679,0.064848267
IM0137,0.26077681,0.260590837,0.271049968,0.269950022,0.301314929,0.262968025
IM0138,0.04207891,0.041279259,0.041215626,0.042248203,0.045703042,0.041747667
IM0139,0.075643184,0.07765185,0.075608893,0.077263344,0.087394934,0.074769795
IM0140,0.067036598,0.069007109,0.069885296,0.067101242,0.076235773,0.067795416
IM0141,0.030871921,0.031658525,0.031763934,0.032169833,0.034003557,0.031069296
IM0142,0.022235295,0.023053412,0.02254465,0.022623047,0.025371062,0.022603808
IM0143,0.107676709,0.109775835,0.114923642,0.113389558,0.114309694,0.108538926
IM0144,0.061369272,0.062815807,0.065670489,0.06613178,0.071354198,0.062734964
IM0145,0.038119029,0.038505026,0.039854876,0.040204289,0.042170528,0.038327102
IM0146,0.214827079,0.226520858,0.230744187,0.22888723,0.236235333,0.225017796
IM0147,0.051751679,0.053567618,0.0518397,0.054005563,0.057481325,0.0524237
IM0148,#VALUE!,#VALUE!,0,#VALUE!,#VALUE!,#VALUE!
IM0149,0.133039611,0.13543075,0.134534379,0.137451316,0.152553166,0.133880216
IM0150,0.185556977,0.19446265,0.192199339,0.192318596,0.223215164,0.195130178
IM0151,0.128190702,0.13098302,#VALUE!,0.133869654,0.153027191,0.128042668
IM0152,0.048398032,0.048746593,0.050324671,0.049968402,0.055181565,0.048479645
IM0153,0.344036788,0.350009476,0.350678988,0.349977724,0.396561924,0.332627519
IM0154,0.112275651,0.114194909,0.11519795,0.116697978,0.123929512,0.112853917
IM0155,0.026353145,0.026411244,0.027295548,0.026700261,0.029584819,0.025995247
IM0156,0.025510106,0.026089103,0.026618221,0.026472829,0.028646863,0.026175313
IM0157,0.144582796,0.149692292,0.150505516,0.154821717,0.16259567,0.149121739
IM0158,0.451838695,0.460372724,0.472669446,0.470304247,0.491516955,0.438543555
IM0159,0.259656435,0.265950441,0.270789799,0.267533565,0.291249013,0.252659762
IM0160,0.652813426,0.653226796,0.635570748,0.653279236,0.735438011,0.627540332
IM0161,0.597171139,0.608776861,0.624631123,0.615235398,0.679370414,0.591370692
IM0162,0.023314045,0.022813693,0.023099612,0.023575362,0.025682972,0.022875406
IM0163,0.093354963,0.094295078,0.094141537,0.097762925,0.10192211,0.094230768
IM0164,0.135656117,0.13437302,0.134616603,0.135190463,0.147608087,0.137100427
IM0165,0.173881448,0.168884434,0.174592588,0.177554919,0.189842731,0.172630296
IM0166,0.197205894,0.195766909,0.200522823,0.201455738,0.219730285,0.196055447
IM0167,0.174295413,0.178605632,0.180625297,0.179919409,0.188242806,0.172352803
IM0168,0.14995245,0.150486962,0.15393633,0.154422208,0.159173418,0.151844659
IM0169,0.021803834,0.022675976,0.023107604,0.022933388,0.025350574,0.022568874
IM0170,0.007613382,0.007845242,0.008166903,0.007993223,0.008788984,0.00758958
IM0171,0.029230269,0.029476464,0.029978081,0.030213943,0.03361158,0.029092709
IM0172,0.331749834,0.33518274,0.354577125,0.346212155,0.379305089,0.345452475
IM0201,0.203140631,0.207011274,0.220358996,0.202125761,0.238968863,0.199543556
IM0202,0.463621562,0.464198095,0.533313248,0.467862223,0.568881891,0.46506692
IM0203,0.132779285,0.135692215,0.142756721,0.130613501,0.163000509,0.128375954
IM0204,0.028464523,0.028208301,0.03042987,0.027959669,0.0320304,0.028556774
IM0205,0.142955781,0.144730873,0.154612954,0.14269879,0.165075512,0.133704209
IM0206,0.279933791,0.284745426,0.310422999,0.281355526,0.34604662,0.278190302
IM0207,0.255726387,0.260826898,0.27496864,0.253512378,0.330792946,0.255658841
IM0208,0.077398289,0.076761987,0.084422108,0.077596864,0.089182645,0.074795541
IM0209,0.067565935,0.068579868,0.076311529,0.068204642,0.084984241,0.068478411
IM0210,0.122061179,0.123645004,0.131346937,0.12937891,0.13900821,0.133993396
IM0211,0.074819006,0.077106042,0.084246555,0.075776375,0.080372853,0.080147302
IM0212,0.709925165,0.760154635,0.842499206,0.765844136,0.849992423,0.750492306
IM0301,0.389271546,0.408555635,0.442204918,0.403884476,0.473374356,0.382364366
IM0302,0.120840083,0.122522887,0.134999989,0.124318994,0.128188266,0.115035269
IM0303,0.037742185,0.03731764,0.039250166,0.038021982,0.053372304,0.034750019
IM0304,0.037821001,0.037760083,0.040253786,0.03730356,0.043167535,0.033181426
IM0401,0.112837015,0.101352221,#DIV/0!,0.108819481,0.094527576,#DIV/0!
IM0402,0.032392668,0.031219845,#DIV/0!,0.027350042,0.025071695,#DIV/0!
IM0403,0.257704862,0.248275116,0.197174493,0.247884324,0.272381328,0.270948811
IM0501,0.076782796,0.080862655,0.073069535,0.079124989,0.078007184,0.06981143
IM0502,0.201556384,0.197382408,0.207188586,0.203333445,0.229584478,0.186792004
IM0701,0.206602678,0.216737484,0.238749918,0.216543632,0.277555217,0.242261215
IM0901,0.008726615,0.008904051,0.009737364,0.009053632,0.015196327,0.008209529
IM1001,0.014262786,0.015208371,0.015634994,#VALUE!,0.014859887,0.014700215
IM1301,0.404166681,0.415813182,0.449420654,0.394467494,0.580410494,0.389597674
IM1302,0.010390605,0.011024528,0.011487465,0.010513689,#VALUE!,#VALUE!
IM1303,0.106622741,0.11232311,0.116460665,0.111735719,0.154413425,0.10836492
IM1304,0.075631176,0.085522601,0.082624085,0.077173921,#VALUE!,#VALUE!
IM1401,0.054970562,0.056061119,0.061657753,0.051932071,0.073161528,0.054663947
IM1402,0.571515518,0.601456978,0.648888525,0.559709812,0.697257918,0.551297416
IM1403,0.007780184,0.00770191,0.007987148,0.007400214,0.009789068,0.007347589
IM1404,0.405481188,0.442554496,0.464266793,0.412523569,0.46216644,0.407659039
IM1405,2.077151125,1.999613623,2.402305792,1.951152366,2.310405865,1.737319552
IM1406,0.067320133,0.067809612,0.0727686,0.068162983,0.077806573,0.065446267
NA0201,0.051336984,0.050092196,0.050316975,0.050116126,0.064812961,0.048418599
NA0302,0.466661596,0.495055221,0.461622116,0.466907359,0.635786593,0.48183625
NA0303,0.130441925,0.125708608,0.133964347,0.130449014,0.176396069,0.118997081
NA0401,0.0293142,0.031531093,#DIV/0!,0.027402242,0.030844046,#DIV/0!
NA0402,0.049574754,0.050536904,#DIV/0!,0.048946894,0.049041028,#DIV/0!
NA0403,0.041428982,0.041119748,#DIV/0!,0.040139493,0.041423036,#DIV/0!
NA0404,0.077289496,0.076928576,0.067515445,0.076186332,0.0738452,0.086136169
NA0405,0.019930637,0.019938808,0.019876456,0.019777085,#DIV/0!,0.021013431
NA0406,0.18803631,0.193256539,#DIV/0!,0.179895737,0.189769642,#DIV/0!
NA0407,0.052052932,0.053865341,0.051909232,0.052976785,0.055782993,0.061097949
NA0408,0.023577176,0.021244526,#DIV/0!,0.02136721,0.022102806,#DIV/0!
NA0409,0.046103808,0.045167958,0.04044504,0.046415915,0.050974036,0.048943744
NA0410,0.118837306,0.127232393,#DIV/0!,0.099441381,0.0963817,#DIV/0!
NA0411,0.031146423,0.031384063,0.034113821,0.031456321,0.033094141,0.041899291
NA0412,0.022415909,0.021633036,0,0.021151158,0.021984497,#DIV/0!
NA0413,0.064281353,0.063749541,#DIV/0!,0.063801487,0.069200893,#DIV/0!
NA0414,0.065880142,0.066786282,0.060019913,0.066475737,0.079445655,0.05868875
NA0415,0.070525767,0.07210738,0.065712572,0.070951281,0.079888466,0.070270769
NA0416,0.117662404,0.114894001,#DIV/0!,0.118869941,0.120983983,#DIV/0!
NA0417,0.017231183,0.017651165,0.013841117,0.017721081,0.017227451,0.016408696
NA0501,0.071674631,0.070919958,0.067197255,0.071878107,0.06406285,0.061886722
NA0502,0.192265059,0.195502462,0.185218374,0.198899546,0.191685617,0.178083757
NA0503,0.054701346,0.05659321,0.057295559,0.058405821,0.005503005,0.051425732
NA0504,0.007619247,0.00758823,0.007205742,0.007740828,0.008243372,0.007083779
NA0505,0.065520475,0.068447893,0.065908022,0.068275449,0.011012589,0.060965315
NA0506,0.119431442,0.112726105,0.110370447,0.115835433,0.111245574,0.106393386
NA0507,0.041496893,0.042309171,0.038503048,0.04082653,0.03729618,0.038053837
NA0508,0.044209446,0.04440391,0.035027119,0.042502594,0.045170545,0.041424177
NA0509,0.089594865,0.090102611,0.08827036,0.092549409,0.076115093,0.069847712
NA0510,0.080786814,0.081651422,0.065530454,0.07674925,0.082394358,0.07411641
NA0511,0.099078336,0.099867353,0.096346046,0.098807013,0.074365163,0.088946371
NA0512,0.052432966,0.052887209,0.051084842,0.055048143,0.040278255,0.04569178
NA0513,0.005576252,0.005854887,0.005586079,0.005860254,0.005516427,0.005251487
NA0514,0.172956373,0.165408255,0.150515123,0.162475136,0.160226081,0.14795258
NA0515,0.007707235,0.008342447,0.008274203,0.008251181,#VALUE!,#VALUE!
NA0516,0.034472593,0.035406924,0.033575245,0.036199047,0.032967915,0.029275768
NA0517,0.052836637,0.053172244,0.051126463,0.054418715,0.058794693,0.04961712
NA0518,0.173635144,0.172608833,0.161760207,0.171660135,0.15902429,0.140644288
NA0519,0.027552565,0.026649707,0.022516687,0.026062405,0.028171296,0.024031418
NA0520,0.069572488,0.069030879,0.069934231,0.072712557,0.043385106,0.052986565
NA0521,#VALUE!,0.030991781,0.032476678,0.032767739,0.030447843,0.027944577
NA0522,0.049969273,0.046148042,0.046620018,0.047448062,0.045892702,0.041369702
NA0523,0.05100853,0.051746907,0.048070093,0.050065674,0.051209626,0.043200969
NA0524,0.021856603,0.023039298,0.020960961,0.02243832,0.024328632,0.019395289
NA0525,0.021127492,0.021342669,0.02092809,0.022040954,0.002358842,0.019199011
NA0526,#VALUE!,#VALUE!,0.005901913,#VALUE!,0.001879716,0.004728309
NA0527,0.033226008,0.031747737,0.029889974,0.031675391,0.031385666,0.027272585
NA0528,0.090110674,0.091339127,0.089345572,0.092786963,0.048850263,0.077633221
NA0529,0.049104352,0.048979447,0.045939371,0.047604232,0.05079103,0.04159733
NA0530,0.043982129,0.042719356,0.042793933,0.045034969,0.030630029,0.034605071
NA0601,0.022689702,0.016801853,0.01907851,0.017499803,#DIV/0!,0.017280716
NA0602,#DIV/0!,0.083192784,0.105489293,0.08106575,0.070854705,0.07448529
NA0603,0.049817412,0.007637798,0.008290731,0.00755154,0.007952532,0.008168959
NA0604,#VALUE!,#VALUE!,0.009655784,#VALUE!,0.010612914,0.008212903
NA0605,#DIV/0!,0.088834803,0.136919924,0.086756474,0.074900933,0.076063297
NA0606,#DIV/0!,0.170579205,0.168908243,0.173165223,0.265495227,0.167431827
NA0607,#DIV/0!,0.114795275,0.110647324,0.118513474,0.163773776,0.124303708
NA0608,0.147084024,0.141622123,0.187955769,0.140276933,0.22677682,0.168128799
NA0609,#DIV/0!,0.148788897,0.144198425,0.147084665,0.228838595,0.170867411
NA0610,0.145432085,0.08705025,0.088825595,0.081056925,0.089054445,0.078306474
NA0611,#VALUE!,0.006932316,0.008233031,0.007463501,0.009078143,0.007788442
NA0612,#VALUE!,#VALUE!,0.169485199,0.188449154,#DIV/0!,0.189965774
NA0613,0.182996156,0.0757035,0.083055918,#VALUE!,0.076463432,0.077028163
NA0614,#DIV/0!,0.126207167,0.121257159,#VALUE!,0.297808443,0.123813634
NA0615,#VALUE!,#VALUE!,0.002025098,#VALUE!,0.001394408,0
NA0616,#DIV/0!,0.067322946,0.065079284,#VALUE!,0.124471347,0.083202884
NA0617,#VALUE!,#VALUE!,#VALUE!,0.018110423,0.014757284,0.018985447
NA0701,0.021292209,0.022260394,0.024295125,0.021612147,0.042084186,0.02461814
NA0801,0.375826894,0.393937221,0.445038747,0.369657636,0.410099639,0.330761348
NA0802,0.194607379,0.203436619,0.246935803,0.197535933,0.235127667,0.187749456
NA0803,0.084348559,0.098995382,0.106278451,0.08680972,0.107076064,0.093295823
NA0804,0.116065878,0.12060212,0.147293175,0.117665406,0.137635319,0.102480851
NA0805,0.084934836,0.08557965,0.10705954,0.084910509,0.101912224,0.081397315
NA0806,0.016071902,0.018000362,0.020025055,0.01741597,0.023220701,0.017443115
NA0807,0.015803297,0.017321118,0.020311293,0.016231281,0.020228197,0.015722941
NA0808,0.075315219,0.085766353,0.095598124,0.079329415,0.107791297,0.08001285
NA0809,0.032062251,0.039420179,0.039041658,0.03381403,0.032667865,0.032634327
NA0810,0.083481547,0.087822671,0.108762149,0.084289522,0.100709439,0.073940375
NA0811,0.209957213,0.249159466,0.273732299,0.220677035,0.282731712,0.223206458
NA0812,0.042981512,0.045535828,0.053895875,0.043307907,0.051412361,0.040672181
NA0813,0.044537947,0.049496045,0.056727455,0.046472396,0.062788352,0.049170214
NA0814,0.020197829,0.021861031,0.025279676,0.020424074,0.023983594,0.019375944
NA0815,0.116582169,0.140362572,0.144729946,0.120703226,0.116056679,0.123217017
NA1101,0.042482346,0.04205251,0.04246954,0.043492188,0.037378737,0.042192956
NA1102,0,0,0,#VALUE!,#VALUE!,#VALUE!
NA1103,#VALUE!,#VALUE!,0.018086122,0.01901613,#DIV/0!,0.019578284
NA1104,0.023351493,0.021876391,0.022977329,#VALUE!,0.028565906,0.021462149
NA1105,#VALUE!,#VALUE!,0.006538805,#VALUE!,#VALUE!,#VALUE!
NA1106,0.051879058,0.049924993,0.049354636,0.052419396,3.232981554,0.055587702
NA1107,0.03559025,0.037024603,0.035812574,0.037394904,0.043145839,0.034283387
NA1108,0.028009575,0.028621499,0.027984999,#VALUE!,0.095330646,0.02665351
NA1109,#VALUE!,#VALUE!,0.040150967,#VALUE!,#VALUE!,#VALUE!
NA1110,#VALUE!,#VALUE!,0.180953801,#VALUE!,#VALUE!,#VALUE!
NA1111,0.078229162,0.074386705,0.076538596,0.081253996,0.070650479,0.075655956
NA1112,#VALUE!,#VALUE!,0.160455199,0.162659001,#VALUE!,#VALUE!
NA1113,#VALUE!,#VALUE!,0.03247906,0.033936182,#VALUE!,#VALUE!
NA1114,#VALUE!,#VALUE!,0.161070217,0.17254703,#DIV/0!,0.165957978
NA1115,0.277116308,0.278723441,0.270936811,#VALUE!,#VALUE!,#VALUE!
NA1116,#VALUE!,#VALUE!,0.072312832,#VALUE!,#DIV/0!,0.078200891
NA1117,0.088343431,0.080027837,0.082013387,0.088221287,0.135907504,0.084261851
NA1118,#VALUE!,#VALUE!,0.011544028,#VALUE!,#VALUE!,#VALUE!
NA1201,0.217530085,0.225588838,0.188457527,0.221162062,0.2153276,0.207451048
NA1202,0.32085036,0.319359179,0.278844901,0.328233394,0.306272505,0.289162976
NA1203,0.104283144,0.100604829,0.090650309,0.102185412,0.099070623,0.097212507
NA1301,0.06360129,0.066621124,0.061956596,0.067331345,#DIV/0!,0.068365367
NA1302,0.170596583,0.170109942,0.1931459,0.176516304,0.260988264,0.181855733
NA1303,0.251722061,0.243564412,0.248583892,0.256395215,#DIV/0!,0.261061728
NA1304,0.1913865,0.192136787,0.197662045,0.199088251,7.459458414,0.211357181
NA1305,0.203648861,0.196135023,0.204154475,0.211238573,#DIV/0!,0.206215061
NA1306,0.026950684,0.027227063,0.026530922,0.027977212,#DIV/0!,0.025997827
NA1307,0.333948791,0.345998739,0.354170929,0.341731884,0.673788247,0.3589478
NA1308,0.081979573,0.080955456,0.08088365,0.082139989,#DIV/0!,0.08292281
NA1309,0.148905416,0.154340813,0.162575881,0.152856025,0.163460594,0.163936151
NA1310,0.124866201,0.130575964,0.129770178,0.127501796,0.437631418,0.138294601
NA1311,0.018820909,0.019759993,0.021561044,0.019654817,0.034911614,0.021481005
NA1312,0.108517269,0.113584438,0.113397771,0.111131033,0.174353448,0.120830459
NA1313,0.131713908,0.131659039,0.12908017,0.132278193,#DIV/0!,0.14642362
NT0101,0.103578308,0.106714153,0.108866158,0.108875672,0.121264286,0.108939467
NT0102,0.075155456,0.07607706,0.07924467,0.076503335,0.084645917,0.077085824
NT0103,0.617453446,0.633190307,0.652188775,0.649415189,0.67851306,0.630982413
NT0104,0.109937251,0.110494493,0.112284672,0.113960072,0.129353381,0.109832578
NT0105,0.183073355,0.189024945,0.189407206,0.18570348,0.215087352,0.183978908
NT0106,0.007392483,0.00785722,0.007862975,0.008105474,0.008626851,0.007848639
NT0107,0.136566472,0.138397119,0.145049161,0.144055702,0.155649506,0.142330831
NT0108,0.042253074,0.042087492,0.042183434,0.044374703,0.046789544,0.043992477
NT0109,0.18355699,0.181371769,0.190162005,0.190259373,0.206328111,0.181962372
NT0111,0.222234901,0.230560892,0.233331512,0.229981302,0.250766279,0.215915969
NT0112,0.036223312,0.037637472,0.038258066,0.037813612,0.043045829,0.03691419
NT0113,0.015340789,0.016050419,0.015444951,0.01565267,0.017684221,0.01578005
NT0114,0.008099731,0.008100472,0.008451844,0.008496522,0.008918736,0.008051241
NT0115,0.187544966,0.187089731,0.194973928,0.188588402,0.215839088,0.186365131
NT0116,#VALUE!,#VALUE!,0,#VALUE!,#VALUE!,#VALUE!
NT0117,0.012986095,0.012809626,0.013117487,0.012985766,0.014993144,0.013095921
NT0118,0.247108142,0.249564059,0.260632195,0.260601701,0.293925937,0.25576245
NT0119,0.030547527,0.032375136,0.032075698,0.032042198,0.035461974,0.031804338
NT0120,0.241760283,0.238238267,0.237266965,0.24719671,0.266822633,0.239646611
NT0121,0.35139383,0.350532606,0.362499296,0.364121163,0.418786897,0.357592322
NT0122,0.0197709,0.019394393,0.019711149,0.019797493,0.021735865,0.020062667
NT0124,0.125149863,0.124961882,0.130068253,0.129790569,0.13801901,0.124813168
NT0125,0.340949319,0.349897467,0.366229006,0.358484638,0.37913193,0.357518881
NT0126,0.016614956,0.016537229,0.017470022,0.017686795,0.020182755,0.017091097
NT0127,0.43149934,0.435383761,0.445054884,0.460187925,0.489350904,0.430855438
NT0128,0.190791578,0.197959445,0.2054007,0.204483709,0.227136613,0.191714503
NT0129,0.07615078,0.076626894,0.078349721,0.076567949,0.084715969,0.076021946
NT0130,0.042410282,0.043057799,0.043918816,0.044067595,0.046310685,0.043138502
NT0131,0.110907169,0.1091582,0.112522238,0.114198569,0.119954088,0.109148407
NT0132,0.161198686,0.16501092,0.173300718,0.171185895,0.186098087,0.163346126
NT0133,0.211191156,0.221665084,#VALUE!,0.229786252,0.246633562,0.218993769
NT0134,0.015410284,0.016798971,0.015676279,0.016874018,0.017772932,0.015256844
NT0135,0.555764869,0.588385824,0.581423135,0.595836721,0.644964915,0.575771964
NT0136,0.424091686,0.429721404,0.434794454,0.43348121,0.459998676,0.43732032
NT0137,0.057470503,0.059703892,0.058531295,0.058465434,0.061459465,0.057891818
NT0138,0.116114038,0.116392824,0.122136501,0.124901761,0.128563588,0.116816241
NT0139,0.110392275,0.11362109,0.117322579,0.112271133,0.121139471,0.109957232
NT0140,0.194216589,0.200389372,0.205913853,0.201983608,0.222475262,0.201139017
NT0141,0.070948921,0.073296139,0.078875258,0.076927763,0.08637634,0.076134925
NT0142,0.22323796,0.228103596,0.237276518,0.235673251,0.2491068,0.225914239
NT0143,0.140317233,0.140502958,0.147787464,0.1476011,0.157841879,0.141635128
NT0144,0.025200083,0.026395704,0.025161893,0.024978723,0.027797802,0.025427971
NT0145,0.333762298,0.340890635,0.35375717,0.346746579,0.391660394,0.341333372
NT0146,0.023809031,0.023690919,0.024556395,0.024605996,0.028101459,0.024125058
NT0147,0.092515889,0.095712654,0.096467361,0.095226644,0.108120873,0.091977914
NT0148,0.079576288,0.080165319,0.08050258,0.08307807,0.087862575,0.08147285
NT0149,0.063120187,0.064470548,0.065241964,0.066155325,0.073080454,0.064189533
NT0150,0.164815463,0.169666761,0.164358195,0.174693238,0.19185211,0.173003273
NT0151,0.164093517,0.160982402,0.168778964,0.166897393,0.184543417,0.163998183
NT0152,0.028563873,0.027726536,0.028770627,0.02942895,0.034058431,0.028656047
NT0153,0.561822934,0.558286035,0.571111342,0.569393647,0.629367997,0.574064123
NT0154,0.231996684,0.243478682,0.238817642,0.236598461,0.255359039,0.230418174
NT0155,0.141026082,0.142676996,0.147198446,0.143890195,0.157651884,#VALUE!
NT0156,0.173558256,0.177402918,0.190496864,0.182502894,0.208098574,0.183306632
NT0157,0.1581909,0.167725002,0.173096985,0.173439136,0.185903787,0.164736466
NT0158,0.132721215,0.134677874,0.137004774,0.137768275,0.158892979,0.139452425
NT0159,0.080778678,0.084276377,0.083387366,0.084401116,0.088722267,0.082059166
NT0160,0.338504571,0.334646124,0.336405094,0.354384307,0.378579601,0.340746559
NT0161,0.013587763,0.013272694,0.014103161,0.013957328,0.014980991,0.013690074
NT0162,0.02684657,0.027133845,0.027970673,0.028390641,0.031252367,0.027420023
NT0163,0.096833426,0.103496842,0.105509954,0.106233006,0.120741635,0.102627598
NT0164,0.021003012,0.022245127,0.021477794,0.022705665,0.024366933,0.021549044
NT0165,0.104717465,0.103976404,0.109836765,0.107906,0.114948241,0.103590011
NT0166,0.543117133,0.560900194,0.584998776,0.579664669,0.641594758,0.561963935
NT0167,0.020274049,0.02040571,0.021199329,0.020824955,0.022998628,0.020601719
NT0168,0.310596837,0.311581981,0.332742569,0.323857945,0.359797071,0.309286673
NT0169,0.11556741,0.117690514,0.121582332,#VALUE!,0.134770752,0.120489863
NT0170,0.209117592,0.213986738,0.219236105,0.22153557,0.229472651,0.214161021
NT0171,0.06888268,0.069332518,0.073792812,0.070979807,0.076895991,0.0687247
NT0173,0.327713216,0.325575006,0.348485935,0.343138902,0.37512141,0.332257926
NT0174,0.16188406,0.164340503,0.173924965,0.174279592,0.187534016,0.163875089
NT0175,0.128873741,0.129174078,0.129849554,0.129271161,0.143954909,0.129765002
NT0176,0.118003238,0.120213314,0.119118389,0.12322161,0.135235564,0.121378824
NT0177,0.016347752,0.016862999,0.017416228,0.017037614,0.017897565,0.017361509
NT0178,0.137411467,0.137707511,0.135943498,0.13449898,0.146094554,0.132264019
NT0179,0.044013497,0.046038238,0.044888861,0.04409121,0.050810091,0.043051797
NT0180,0.236344759,0.252939251,0.252074715,0.249399093,0.27798335,0.239546009
NT0181,0.420941835,0.43916323,0.467983871,0.449543734,0.480410615,0.434153917
NT0182,0.346578574,0.351121029,0.368443439,0.363940839,0.408821121,0.360018378
NT0201,0.13688858,0.141718701,0.146641199,0.141830253,0.208753449,0.128806787
NT0202,0.142375067,0.145293475,0.155282284,0.142704103,0.211531007,0.13140631
NT0204,0.093092745,0.098328641,0.099717375,0.094123533,0.112875084,0.094791529
NT0205,0.160560437,0.162766496,0.175258172,0.156712387,0.200412674,0.168448143
NT0206,0.228012196,0.226019108,0.233856148,0.230105392,0.156042259,0.218221988
NT0207,0.091815386,0.091325569,0.091737329,0.090557979,0.131984102,0.091844012
NT0209,0.20031964,0.209226886,0.22170798,0.206214559,0.257924273,0.211892794
NT0210,0.82543024,0.824890208,0.919032534,0.872815215,1.29358882,#DIV/0!
NT0211,0.063991533,0.062997115,0.069701735,0.061919292,0.075242008,0.062817732
NT0212,0.357710214,0.347506445,0.381298576,0.367644618,0.456475036,0.364742042
NT0213,0.959411241,1.011118658,1.02187266,0.954234895,1.178257102,0.931318992
NT0214,0.090361967,0.092132637,0.093488945,0.092657573,0.158565889,0.091045897
NT0215,0.362029479,0.37340005,0.394125835,0.381119496,0.598320402,0.383342295
NT0216,#VALUE!,#VALUE!,0.076245135,#VALUE!,#VALUE!,#VALUE!
NT0217,0.162338843,0.168445827,0.182485018,0.166698084,0.207643044,0.159348582
NT0218,0.065993036,0.071742422,0.070969175,0.069254448,0.078121179,0.066882399
NT0219,0.057261057,0.062057089,0.061087531,0.060128847,0.060662989,0.059774984
NT0220,0.069068976,0.067831712,0.073034562,0.070143752,0.093337855,0.075793161
NT0221,0.086673332,0.091593738,0.098362221,0.089973181,0.122544317,0.094338823
NT0222,0.080848439,0.079365546,0.080930584,0.079376069,0.117072414,0.082185625
NT0223,0.041213036,0.040027099,0.040966384,0.040781785,0.052243874,0.040823078
NT0224,0.027601675,0.027768726,0.030348472,0.027206858,0.035505601,0.027609914
NT0225,0.064458924,0.063542333,0.06533852,0.063066591,0.048254732,0.064983655
NT0226,0.023134284,0.024107978,0.024356617,0.024112417,0.025713346,#VALUE!
NT0227,0.009242293,0.008544609,0.009051295,0.009007069,0.009295448,0.008260407
NT0228,0.356968782,0.351259872,0.365228986,0.359832648,0.443427693,0.365705097
NT0229,0.096517732,0.092887826,0.093097203,0.094837517,0.133747136,0.086632101
NT0230,0.109771795,0.118467635,0.120591178,0.112812657,0.140925604,0.11124482
NT0232,0.304648406,0.301305049,0.287360834,0.295977296,0.354506125,0.29695096
NT0233,0.051618953,0.05388304,0.056691743,0.052494828,0.058258184,0.052862036
NT0235,0.449393648,0.4581909,0.487055152,0.443526551,0.480769229,0.452316746
NT0301,0.271679082,0.256996507,0.25446453,0.259028699,0.343992131,0.313078739
NT0302,0.018279647,0.019457514,0.019302805,0.018078138,0.019106546,0.02193281
NT0303,0.229701919,0.243094525,0.252077404,0.236604302,0.255614014,0.222155271
NT0304,0.163210353,0.167237284,0.196532851,0.167572033,0.20696891,0.170819985
NT0305,0.195005255,0.200138015,0.21158757,0.194532395,0.329591077,0.204325327
NT0306,0.102369087,0.104085564,0.104885129,0.1054276,0.121244474,0.093024557
NT0307,0.001898591,0.002029464,0.002201831,0.001974021,0.002879879,0.001899045
NT0308,0.046950753,0.045999991,0.051602431,0.046888186,0.052374168,0.042706446
NT0309,0.149384932,0.15507951,0.149854354,0.145189564,0.184078329,0.141307038
NT0310,0.179352219,0.189566125,0.197794521,0.186017569,0.225024362,0.180001559
NT0401,#VALUE!,#VALUE!,0.009371687,#VALUE!,#VALUE!,#VALUE!
NT0402,0.246840914,0.299260919,0.293669049,0.291564947,#DIV/0!,#DIV/0!
NT0404,0.637199923,0.65076836,0.768778669,0.646165307,#DIV/0!,#DIV/0!
NT0702,0.106827046,0.104256843,0.113479097,0.108587829,0.104844066,#DIV/0!
NT0703,0.067300105,0.066688474,0.069153108,0.067445956,0.113165845,0.06587382
NT0704,0.742716608,0.779889484,0.812758373,0.79760636,0.870716622,0.736974115
NT0705,#VALUE!,#VALUE!,0,#VALUE!,#VALUE!,#VALUE!
NT0707,0.524073366,0.495711463,0.541676665,0.515354346,0.350643485,0.128993978
NT0708,0.522225438,0.534271712,0.550505923,0.55661976,1.063379974,#DIV/0!
NT0709,0.541642518,0.542301541,0.526768847,0.541005718,1.199409248,0.216543246
NT0710,0.184533829,0.198012279,0.205233177,0.195421093,0.471257631,0.152972739
NT0801,0.277970907,0.326832919,0.357663657,0.286915874,0.46474157,0.309308709
NT0802,0.282986514,0.30619745,0.294866745,0.269360289,0,0.280576853
NT0803,0.215316316,0.229747363,0.273627033,0.218078175,0.248291825,0.203609112
NT0805,0.513407228,0.556148391,0.53946923,0.494576173,#DIV/0!,0.487683334
NT0902,0.215929,0.223298812,0.245060848,0.221161078,0.311331687,0.214065472
NT0903,0.06051116,0.061536956,0.061995318,#VALUE!,0.105655704,0.062720754
NT0904,0.219927645,0.22285871,0.236638056,0.220218268,0.373145362,0.2092218
NT0905,0.059260066,0.06392473,0.063152646,0.061708861,0.088875285,0.058578556
NT0906,0.030864501,0.029889071,0.03236976,0.03193905,0.045378088,0.032165309
NT0907,0.143528002,0.133056263,0.143781236,0.147326788,0.167325615,0.149180727
NT0908,0.036361989,0.03758398,0.039151189,0.037608734,0.079273026,0.037838216
NT0909,0.025388386,0.023545893,0.025603652,0.025641187,0.021363917,0.030821595
NT1001,0.248633614,0.238880556,0.244815266,0.258249799,#DIV/0!,0.234868843
NT1002,0.413653446,0.406360576,0.404044942,0.412902558,#DIV/0!,0.379916136
NT1003,0.317016076,0.324242238,0.323348927,0.313413684,#DIV/0!,0.307811352
NT1004,0.069161497,0.072524897,0.071163422,#VALUE!,0.053540676,0.071462631
NT1005,0.125256066,0.122593243,0.129948443,0.130692157,0.083610025,0.126249147
NT1006,0.357994905,0.354127144,0.369576011,0.351077167,0.411290382,0.349826077
NT1007,0.058136828,0.054020956,0.05621796,#VALUE!,#VALUE!,#VALUE!
NT1008,0.17352617,0.178996785,0.183792568,0.188730287,#DIV/0!,0.17212734
NT1010,0.361982069,0.368705209,0.386846388,0.383910791,#DIV/0!,0.347991057
NT1201,0.508385133,0.529464132,0.459251751,0.514189525,0.500089718,0.483871097
NT1301,0.010076319,0.010409218,0.011168052,0.010615091,0.014257252,0.009570513
NT1303,#VALUE!,#VALUE!,0.144031904,0.145109925,#VALUE!,#VALUE!
NT1304,1.194619376,1.221316303,1.368799617,1.226823791,1.657470297,1.304127589
NT1305,0.287458041,0.287320848,0.307920361,0.290459792,0.338266975,0.267302091
NT1306,0.086947863,0.092533978,0.09839211,0.089550138,0.105761977,0.086584143
NT1307,#VALUE!,#VALUE!,0.81841962,#VALUE!,#VALUE!,#VALUE!
NT1308,0.124123032,0.116195953,0.123725011,0.121868987,0.156633709,0.116942341
NT1309,0.130676762,0.139976697,0.145701406,0.141013606,0.232342421,0.151545116
NT1312,0.019973995,0.020860372,0.02323241,0.01970097,0.033718996,0.02021307
NT1313,0.055235378,0.056480997,0.058889064,0.056736589,0.041389355,0.060834689
NT1314,0.009655449,0.009653985,0.010141746,0.009933062,0.022475744,0.011519446
NT1315,0.213241636,0.204178493,0.224689777,0.220117184,0.157372499,0.20857897
NT1316,0.034692502,0.036097178,0.037605218,0.036014012,0.055409571,0.034604908
NT1318,#VALUE!,#VALUE!,#DIV/0!,#VALUE!,#VALUE!,#VALUE!
NT1401,1.159011116,1.092533471,1.284007152,1.119687488,1.407465033,1.130332679
NT1402,2.566069403,2.841474064,2.94450401,2.720720114,3.446936769,2.54134419
NT1403,1.385596853,1.44197735,1.636854331,1.392208976,1.675781038,1.41389975
NT1404,0.275172892,0.27319232,0.281953927,0.256243328,0.39890913,0.274953491
NT1405,1.181922146,1.110631089,1.294677278,1.148638486,1.498635926,1.023846705
NT1406,1.092256489,1.166212616,1.257386127,1.072158184,1.400894737,1.068503327
NT1407,0.312137658,0.31973541,0.349273987,0.316165828,0.415051804,0.323701823
OC0103,#VALUE!,#VALUE!,0.023510584,#VALUE!,#VALUE!,#VALUE!
OC0105,0.419661841,0.417847272,0.456834613,0.43600056,0.490214629,0.421486054
OC0106,0.466118156,0.471234145,0.486388597,0.478487854,0.534358128,0.453143854
OC0108,#VALUE!,#VALUE!,0.083672125,#VALUE!,#VALUE!,#VALUE!
OC0109,#VALUE!,#VALUE!,0,#VALUE!,#VALUE!,#VALUE!
OC0110,0.112332614,0.123964202,0.115425425,#VALUE!,0.127491569,0.119983777
OC0112,0.198729037,0.205498119,#VALUE!,0.205286923,#VALUE!,#VALUE!
OC0114,0.02852847,0.029880433,0.030051982,0.029516893,0.032374731,0.029353483
OC0115,#VALUE!,#VALUE!,0.057024447,#VALUE!,#VALUE!,#VALUE!
OC0117,#VALUE!,#VALUE!,0,#VALUE!,#VALUE!,#VALUE!
OC0201,0.817369663,0.861213399,0.831121444,0.878762928,0.906227371,0.831973428
OC0202,0.622444426,0.622227738,0.60648003,0.632328923,0.73960145,0.554223875
OC0203,0.113015192,0.114800379,0.11909153,0.114739239,#VALUE!,#VALUE!
OC0701,1.100322639,1.010245335,1.047577247,1.102357477,0.787288821,0.387228006
OC0702,0.186230863,0.183810786,0.183171998,0.192561123,0.235446876,0.150703608
PA0101,0.093173838,0.092582867,0.094218673,0.094815288,0.102966539,0.092564135
PA0102,0.049016127,0.04945983,0.050754032,0.050436772,0.055527041,0.051410646
PA0401,0.009097988,0.009196198,0.007748479,0.008602351,0.008087279,0.016331773
PA0402,0.101472096,0.103473779,0.09501922,0.104481098,0.120607576,0.097409602
PA0403,0.253207922,0.263487181,0.244067012,0.255198478,0.247879038,0.265326429
PA0404,0.03795121,0.037703881,0.033851507,0.038859162,0.03864334,0.037759338
PA0405,0.032269807,0.032459275,0.03095098,0.032602524,0.040951608,0.032093523
PA0406,0.030224299,0.035582033,0.026137278,0.032770803,0.034249497,0.082974507
PA0407,0.128918899,0.128313406,0.128424333,0.1312627,0.187398182,0.142649712
PA0408,0.177607914,0.168576363,0.138436957,0.163798784,#DIV/0!,#DIV/0!
PA0409,0.062200674,0.066455296,0.058297418,0.063445338,#DIV/0!,#DIV/0!
PA0410,0.212928851,0.228099483,0.20594033,0.209807215,#DIV/0!,0.236087606
PA0411,0.14410733,0.146595782,0.124892814,0.135556427,0.133936779,0.179270941
PA0412,0.167524505,0.164353853,0.159571517,0.164624154,0.197758855,0.161025396
PA0413,0.061499837,0.059344305,0.05440004,0.061498382,0.066030763,0.057186649
PA0414,0.051902433,0.053741639,#DIV/0!,0.04058448,0.052147638,#DIV/0!
PA0415,0.169246852,0.166666726,0.152191929,0.163253562,0.206751648,0.162488362
PA0416,0.043685801,0.044833446,0.039322624,0.043662055,0.039237541,0.068814172
PA0417,0.046626249,0.04435357,0.042031959,0.044173149,0.003010233,0.050463801
PA0418,0.011990768,0.012624849,0.013596395,0.012059048,0.013188723,0.016771192
PA0419,0.195452109,0.192213784,0.167213468,0.196488756,0.235801169,0.195885242
PA0420,0.114721409,0.131456068,0.116926442,0.115662113,#DIV/0!,2.889308817
PA0421,0.016627021,0.016884439,0.016129352,0.017214698,0.020788845,0.01838507
PA0422,0.041081287,0.042029078,0.036585827,0.040311529,0.043056782,0.042933177
PA0423,0.125602753,0.120197497,0.086939524,0.120338605,0.08407164,0.165550612
PA0424,0.187759949,0.184286411,0.174164385,0.184009439,0.199135706,0.17745806
PA0425,0.053448161,0.055362814,0.053880866,0.052567759,#DIV/0!,#DIV/0!
PA0426,0.278573688,0.277666884,0.275648901,0.260200249,#DIV/0!,#DIV/0!
PA0427,0.075156929,0.077323934,0.059904159,0.074494329,0.067646613,0.101922395
PA0428,0.195846154,0.210694085,0,0.1950191,0.14198967,0.352568462
PA0429,0.02797792,0.029469084,0.029368165,0.029211658,#DIV/0!,#DIV/0!
PA0430,0.15086994,0.145761593,0.148872643,0.151278168,0.13570488,0.138195705
PA0431,0.063267711,0.062598858,0.057204635,0.06396398,0.060548652,0.062021069
PA0432,0.028486606,0.028510575,0.024604366,0.028109492,0.029830064,0.026246395
PA0433,0.03886042,0.041285249,0.037738765,0.037518918,0.018642554,#DIV/0!
PA0434,0.048229888,0.049483461,0.038604019,0.045013536,#DIV/0!,0.059904778
PA0435,0.050244776,0.058770529,0.056641282,0.049616561,0.050597305,0.238935919
PA0436,0.248508936,0.232127889,0.193484127,0.238985291,0.201354921,0.237176032
PA0437,0.039357604,0.039478358,0.037384648,0.038612156,0.039432839,0.039472761
PA0438,0.002544238,0.003203938,#DIV/0!,0.002515597,0.002494319,#DIV/0!
PA0439,0.006793131,0.006939743,0.006061465,0.006739737,0.006795167,0.005985451
PA0440,0.253839529,0.249831949,0.247398512,0.256204675,0.267343895,0.279043028
PA0441,0.102785015,0.104244656,#DIV/0!,0.097471939,0.063997073,0.219196369
PA0442,0.014576485,0.018535044,0.018937777,#VALUE!,#VALUE!,#VALUE!
PA0443,0.156093486,0.136051535,#DIV/0!,0.129490992,0.101267621,#DIV/0!
PA0444,0.038992914,0.039781828,0.033164818,0.037205093,0.037804816,0.044363616
PA0445,0.095271865,0.093278802,0.083073148,0.094699806,0.111363148,0.08237925
PA0446,0.810058179,0.87879442,0.862874098,0.863997139,#DIV/0!,#DIV/0!
PA0501,0.146981048,0.145556277,0.138765566,0.143218043,0.141392828,0.126734938
PA0502,0.013468355,0.013690211,0.013400178,0.014011795,0.004271626,0.012486775
PA0503,0.020425317,0.020623367,0.020378707,0.021481016,0.000602475,0.019809173
PA0504,0.220974103,0.229108292,0.22235809,0.233002768,0.259882458,0.202833323
PA0505,0.059980789,0.055818149,0.061222311,0.057699154,0.048377085,0.049588489
PA0506,0.011846677,0.01170307,0.011806073,0.012144671,0.007559079,0.010217259
PA0507,0.331945456,0.349912332,0.330950803,0.347607497,0.168182461,0.307067374
PA0508,0.006578286,0.007118699,0.006652074,0.006907917,0.002045631,0.006207934
PA0509,0.635365817,0.65469967,0.611596912,0.625605618,0.294645885,0.559656426
PA0510,0.198350454,0.190721992,0.183628402,0.196195162,0.220905387,0.169591221
PA0511,0.052085966,0.052834779,0.050813465,0.05367048,0.058608025,0.050991856
PA0512,0.000479416,0.000479884,0.000464,#VALUE!,0.000262889,0.00046689
PA0513,0.033516061,0.032247182,0.032755664,0.034436592,0.031661178,0.032951323
PA0514,0.097469536,0.098683952,0.097262091,#VALUE!,0.084070826,0.090014574
PA0515,0.051624478,0.05501648,0.049741442,0.051442287,0.051105374,0.047260732
PA0516,0.415070702,0.422050556,0.418082192,0.438417467,0.166402493,0.367840984
PA0517,0.002505253,0.00267184,0.00253474,0.002615368,0.00032765,0.00228267
PA0518,0.306932804,0.294370469,0.292194639,0.312620623,0.23106047,0.266825553
PA0519,0.055758319,0.057213849,0.053385683,0.056890676,0.051255314,0.047435025
PA0520,0.004188027,0.003955605,0.004126427,0.004268321,0.002833307,0.003661481
PA0521,0.046315686,0.048370479,0.046845383,0.048058122,0.01371545,0.044733044
PA0601,#DIV/0!,0.565248077,0.727768028,0.576197544,0.486730636,0.535007775
PA0602,#VALUE!,#VALUE!,0.025652572,0.024255324,#DIV/0!,0.025322977
PA0603,#DIV/0!,0.043230248,0.044297491,0.043749068,0.054482628,0.04132508
PA0604,#VALUE!,#VALUE!,0.007295486,#VALUE!,0.004983107,0.006736947
PA0605,#VALUE!,#VALUE!,0.297480834,0.314753637,0.669978401,0.352551323
PA0606,#DIV/0!,0.081496779,0.097326679,0.078590018,0.073749005,0.090911626
PA0607,#DIV/0!,0.022932926,0.023933709,0.022800906,0.019610021,0
PA0608,#DIV/0!,0.332576275,0.419017319,0.33065527,0.297879538,0.311870251
PA0609,#DIV/0!,0.040767261,0.047571021,0.040620459,0.041871209,0.046812833
PA0610,#DIV/0!,0.022314716,0.027917287,0.022514591,0.01935635,0.007194784
PA0611,#DIV/0!,0.40868311,0.543906,0.391872236,0.376193487,0.374753164
PA0801,0.151496152,0.171704712,0.194631135,0.155212601,#VALUE!,#VALUE!
PA0802,0.015108999,0.017978569,0.018122547,0.01592355,0.026053107,0.015735279
PA0803,0.109901224,0.116718565,0.130787973,0.107237815,0.131342958,0.094376584
PA0804,0.036418511,0.041777857,0.04427523,0.038202186,0.046177095,0.034784423
PA0805,0.265928486,0.304888405,0.33798279,0.270032777,0.319349951,0.278281086
PA0806,0.009978806,0.012382764,0.012390102,0.010547248,0.012940027,0.010072891
PA0807,#VALUE!,#VALUE!,0.000744494,0.000676151,0.000628922,0.000619001
PA0808,0.124214888,0.144810076,0.135104185,0.135006745,0.123538914,0.125106532
PA0809,0.069366648,0.074366916,0.087316182,0.072697635,0.079134354,0.064752799
PA0810,0.098003321,0.111721805,0.127231312,0.100601896,0.12421471,0.103665478
PA0811,0.015510621,0.018623894,0.020271019,0.016312526,0.026728621,0.016837495
PA0812,0.035657855,0.042086947,0.04550515,0.038620411,0.044285333,0.036597773
PA0813,0.159228432,0.18746761,0.200424271,0.167317011,0.20906829,0.160167647
PA0814,0.492210357,0.522697176,0.609055261,0.483881539,0.519252143,0.432167488
PA0815,0.010274207,0.011438517,0.011544236,0.010819778,0.010355874,0.010167439
PA0816,0.0500389,0.053023809,0.054518663,0.050836141,0.040452893,0.047691169
PA0817,0.025323244,0.025390841,0.029690033,0.024989796,0.030287153,0.0253569
PA0818,0.188515336,0.221395556,0.223811161,0.199584169,0.180000333,0.191048577
PA0901,0.163074594,0.167982395,0.180264355,0.166530899,0.285730871,0.176928916
PA0902,0.049484691,0.051298033,0.053748393,0.048776253,0.077945744,0.050265154
PA0903,0.044793368,0.043989694,0.046578926,0.043506288,0.066087563,0.047045048
PA0904,0.011549598,0.012218837,0.012977021,0.011976803,0.018767465,0.01175477
PA0905,0.077829984,0.0773014,0.087535536,0.082656721,#VALUE!,#VALUE!
PA0906,0.018900417,0.01963045,0.020213299,0.019124795,#VALUE!,#VALUE!
PA0907,0.043636834,0.043748856,0.046750664,0.042947629,0.087322791,0.051885972
PA0908,0.022284627,0.023044604,0.024491671,0.021425738,0.030419064,0.022326304
PA1001,0.010305189,0.010799736,0.010994059,0.010719124,0.033015964,0.010019788
PA1002,0.132598902,0.136166769,0.138508978,0.143478581,#DIV/0!,0.135690772
PA1003,0.502555517,0.504260367,0.508568568,0.510595936,0.597878405,0.473853637
PA1004,0.047885296,0.050695218,0.050880832,0.048559569,#DIV/0!,0.047767055
PA1005,0.031657967,0.03179973,0.031973058,#VALUE!,#DIV/0!,0.030574674
PA1006,0.028631043,0.029158552,0.02847612,0.029194665,#DIV/0!,0.028421311
PA1007,0.01517611,0.016001434,0.015786658,#VALUE!,#DIV/0!,0.01499845
PA1008,0.128565945,0.142196399,0.132801213,0.132763951,#VALUE!,#VALUE!
PA1009,0.06994767,0.069005438,0.069930585,0.07346935,#VALUE!,#VALUE!
PA1010,0.023642887,0.023092565,0.022807605,#VALUE!,#DIV/0!,0.021760955
PA1011,0.097372251,0.101103134,0.099225485,#VALUE!,#DIV/0!,0.09461761
PA1012,0.193679253,0.202263261,0.213799597,0.209695486,0.197563173,0.19977169
PA1013,0.043953074,0.046381885,0.045997772,0.044294396,0.26154971,0.043403027
PA1014,0.344878627,0.338068699,0.339260634,0.343549976,#DIV/0!,0.318233643
PA1015,0.017657612,0.017818702,0.017980677,#VALUE!,#DIV/0!,0.017263085
PA1016,0.01596087,0.016394207,0.016813046,#VALUE!,0.019226786,0.017020055
PA1017,0.131653213,0.131681139,0.141717687,0.133077473,0.190191566,0.12965298
PA1018,0.023409872,0.023549251,0.025186187,0.024058552,0.047275081,0.0241456
PA1019,0.240547345,0.227219435,0.245606106,0.250111058,0.770526894,0.230396906
PA1020,0.044711121,0.042039314,0.044130367,0.04478054,#DIV/0!,0.042936616
PA1021,0.290688251,0.272878888,0.2874278,0.300608486,0.63591099,0.279211293
PA1022,0.042918656,0.042137832,0.045311008,0.044875715,#DIV/0!,0.041590348
PA1101,#VALUE!,#VALUE!,0.07731046,#VALUE!,#VALUE!,#VALUE!
PA1102,#VALUE!,#VALUE!,0.04979123,0.052123546,0.029538378,0.050379109
PA1103,#VALUE!,#VALUE!,0.246977303,#VALUE!,#DIV/0!,0.255788252
PA1104,#VALUE!,#VALUE!,0.031187987,#VALUE!,0.051555495,0.035701769
PA1105,#VALUE!,#VALUE!,0.076403957,0.078344181,0.115529543,0.075961918
PA1106,0.012687405,0.012399303,0.012261901,0.012972507,0.015263808,0.011670639
PA1107,#VALUE!,#VALUE!,0.04024522,#VALUE!,#DIV/0!,0.044643768
PA1108,#VALUE!,0.056928485,0.056735073,0.055634246,0.056234231,0.066379439
PA1109,#VALUE!,#VALUE!,0.04897985,#VALUE!,#VALUE!,#VALUE!
PA1110,0.050172745,0.050352117,0.052380782,0.049227025,0.054768484,0.057784431
PA1111,#VALUE!,#VALUE!,0.151160295,0.16068287,#DIV/0!,0.161938223
PA1112,0.092140987,0.088308101,0.097123236,0.093536247,0.108788583,0.097459841
PA1113,#VALUE!,#VALUE!,0.003769372,#VALUE!,#VALUE!,#VALUE!
PA1114,#VALUE!,#VALUE!,0.097884026,0.10171499,0.1232601,0.09995628
PA1201,0.483891225,0.493663349,0.426046782,0.48667659,0.468746383,0.437854575
PA1202,0.353819685,0.36624988,0.319830855,0.35015049,0.354069862,0.306309164
PA1203,0.24571881,0.253044986,0.221422744,0.249017997,0.226791461,0.249480857
PA1204,0.020077273,0.018848863,0.01679473,0.020345777,0.018842484,0.018026791
PA1205,0.045597856,0.047040466,0.042077859,0.045910494,0.046077121,0.041905197
PA1206,0.058802358,0.057484867,0.051259889,0.058623515,0.06359543,0.049072485
PA1207,0.42448861,0.43581237,0.381560342,0.424154123,0.422338074,0.383914472
PA1208,0.105653029,0.105600937,0.095217893,0.104042645,0.111844613,0.093655421
PA1209,1.170198951,1.235708749,1.086142778,1.215904572,1.162847598,1.036618965
PA1210,0.13215612,0.137862615,0.122140705,0.136918845,0.142921186,0.126501369
PA1211,0.297650289,0.305201744,0.273110563,0.288809109,0.319259492,0.257379926
PA1212,0.126088204,0.13246956,0.114924111,0.124071686,0.126724745,0.126261867
PA1213,0.163782967,0.175091978,0.146992241,0.163762273,0.142864541,0.157235633
PA1214,0.679111055,0.695082534,0.613317359,0.683422177,0.648995027,0.644666978
PA1215,0.317887349,0.31719215,0.274563283,0.319716573,0.335089083,0.275871703
PA1216,0.410243374,0.39843229,0.368656532,0.404282337,0.405916755,0.360674707
PA1217,0.099487513,0.097102379,0.092104523,0.10206357,0.099074912,0.093946809
PA1218,0.061028755,0.062869668,0.054202769,0.061838864,0.065792653,0.051772645
PA1219,0.051107851,0.051980348,0.044893854,0.051010459,0.051248102,0.045488012
PA1220,0.187813011,0.183801198,0.17051235,0.184526804,0.182867712,0.173893731
PA1221,0.256909049,0.271748345,0.23920317,0.263246321,0.264769353,0.221981395
PA1222,0.238925545,0.237339918,0.208614266,0.23789277,0.247149257,0.213135466
PA1301,0.018227865,0.018288253,0.018550521,0.018228097,#DIV/0!,0.019714656
PA1302,0.199016529,0.200352972,0.200748263,0.205424409,#DIV/0!,0.202600322
PA1303,0.43534185,0.456233433,0.46153972,0.478035915,#DIV/0!,0.456848178
PA1304,#VALUE!,#VALUE!,0.017509605,0.017622212,#VALUE!,#VALUE!
PA1305,0.225001535,0.23138058,0.236365727,0.217734128,0.407359908,0.238293555
PA1306,0.100978846,0.105025889,0.105986618,0.102762561,#VALUE!,#VALUE!
PA1307,0.030789829,0.032029898,0.036912691,0.033059552,0.039725904,0.035974739
PA1308,0.302822372,0.311577147,0.322906224,0.317235248,#DIV/0!,0.368805469
PA1309,0.072491641,0.073711259,0.072829944,0.070109541,0.333473056,0.08009759
PA1310,0.65552941,0.691840928,0.664742538,0.706521684,#VALUE!,#VALUE!
PA1311,0.080311123,0.08577714,0.085809452,0.081714414,0.153072725,0.08833057
PA1312,0.498999685,0.526426567,0.514617824,0.518658828,#VALUE!,#VALUE!
PA1313,0.379114625,0.391323466,0.384843316,0.395946467,#VALUE!,#VALUE!
PA1314,0.146252824,0.14450739,0.148194429,0.142486517,#VALUE!,#VALUE!
PA1315,0.072394385,0.069766476,0.075916391,#VALUE!,#DIV/0!,0.082180566
PA1316,0.048539521,0.048711426,0.046795478,#VALUE!,#DIV/0!,0.052001474
PA1317,0.058549476,0.060508467,0.059450938,0.060264397,#DIV/0!,0.067603649
PA1318,0.670842122,0.668224039,0.652349859,0.681145629,#DIV/0!,0.774451668
PA1319,0.036207767,0.036496018,0.038458828,0.037970805,#VALUE!,#VALUE!
PA1320,0.044039033,0.046486142,0.045385402,0.045765418,#DIV/0!,0.046974793
PA1321,0.215804563,0.225562515,0.218075932,0.233649737,#VALUE!,#VALUE!
PA1322,0.064713252,0.061772238,0.066622815,0.063607417,0.17931264,0.064469768
PA1323,0.040522987,0.040530835,0.040764945,0.043376178,#VALUE!,#VALUE!
PA1324,0.128939558,0.134471951,0.136318789,0.1354979,#DIV/0!,0.142782112
PA1325,0.155603006,0.158641279,0.158993284,0.165957185,#VALUE!,#VALUE!
PA1326,0.329042512,0.344749817,0.34614694,0.349649645,#DIV/0!,0.330849719
PA1327,1.339296977,1.255462401,1.32102031,1.401451438,#VALUE!,#VALUE!
PA1328,0.095297281,0.092544541,0.097404706,0.096178468,#VALUE!,#VALUE!
PA1329,0.302747091,0.306032403,0.307485795,0.320072394,#VALUE!,#VALUE!
PA1330,0.372008874,0.358778452,0.378946489,0.381331717,#DIV/0!,0.411709425
PA1331,0.0195317,0.020229453,0.019704491,#VALUE!,#VALUE!,#VALUE!
PA1332,0.060638081,0.06262587,0.061865174,0.064825868,#VALUE!,#VALUE!
PA1333,#VALUE!,#VALUE!,0.022842212,0.023932381,#VALUE!,#VALUE!
World average,0.200247736,0.203374976,0.202062156,0.20754743,0.214691329,0.195686938
