"Scenario","Year","forest_EU_noex","forest_ex","forest_EU_ex","forest_im","EP_EU","EP_im","tot_noexport"
"RCP_MFM_AF0","2000",4.23182378515393e-05,7.26299968841399e-05,4.63767160483729e-05,0.000185136608875748,NA,NA,3.39849106069436e-05
"RCP_MFM_AF0","2010",3.81258071626918e-05,7.2180422787238e-05,4.31991204773356e-05,0.000199822725171835,NA,NA,2.98890081995545e-05
"RCP_MFM_AF0","2020",3.45854431870329e-05,7.29853803065091e-05,4.05777900623651e-05,0.000207283191170951,7.03712419028017e-05,NA,2.66714507115056e-05
"RCP_MFM_AF0","2030",3.10583385405386e-05,7.28057873947529e-05,3.70136662589352e-05,0.000217724753973982,6.4925838107719e-05,NA,2.36027746538061e-05
"RCP_MFM_AF0","2040",2.76861022030262e-05,7.27959544719066e-05,3.43802112964028e-05,0.000250564380221903,6.26959619054831e-05,0.00015784237764093,2.04203669569233e-05
"RCP_MFM_AF0","2050",2.6389037511916e-05,7.24759709708849e-05,3.30060531470828e-05,0.000253925136703684,5.87302072371195e-05,0.000168666453570782,1.862945952121e-05
"RCP_MFM_AF0","2060",2.66478097783696e-05,7.18719281485596e-05,3.27952963180526e-05,0.000278237014685667,5.75556373057143e-05,0.000192106845338968,1.82511376653241e-05
"RCP_MFM_AF0","2070",2.89857871512347e-05,7.12725317735972e-05,3.44559509662759e-05,0.000295853038750523,5.43818373546843e-05,0.000181362505182466,1.90073450228908e-05
"RCP_MFM_AF0","2080",2.93499952044205e-05,7.07397779715573e-05,3.45463107264956e-05,0.000315052504164281,5.36594504320338e-05,0.000176799225443619,1.82441690238757e-05
"RCP_MFM_AF0","2090",2.8920839112607e-05,7.04113051972433e-05,3.40076233340709e-05,0.000340104835585472,5.26549626342855e-05,0.000185603908985128,1.70444553846932e-05
"RCP_MFM_AF0","2100",2.80471744019375e-05,7.01174316394013e-05,3.31238581189452e-05,0.000340479570625321,5.16414487095219e-05,0.00020260236509138,1.56300942101823e-05
"RCP_MFM_AF100","2000",4.23180959713447e-05,7.26296391285506e-05,4.63765452643597e-05,0.000184983275519171,NA,NA,3.39845035306557e-05
"RCP_MFM_AF100","2010",3.81256714182446e-05,7.21800496849379e-05,4.31989493723143e-05,0.000199653924652576,NA,NA,2.98886167041475e-05
"RCP_MFM_AF100","2020",3.48264725683263e-05,7.29680871374689e-05,4.0816662035916e-05,0.000202958267257921,7.04926076612901e-05,0.000241411086067754,2.69800433275339e-05
"RCP_MFM_AF100","2030",3.0635728600661e-05,7.25422667121807e-05,3.67011485904862e-05,0.000212370419340389,6.60153256968421e-05,0.000242530445624022,2.3340721870666e-05
"RCP_MFM_AF100","2040",2.74140249687758e-05,7.22184735769459e-05,3.41839279178125e-05,0.00024717846962663,6.04188754383437e-05,0.000154117006922532,1.97215552336743e-05
"RCP_MFM_AF100","2050",2.69531533753029e-05,7.22248153685162e-05,3.36001831124017e-05,0.000277488030050342,5.74035241352409e-05,0.000162468445773,1.81493705721494e-05
"RCP_MFM_AF100","2060",2.87148629356132e-05,7.18888250269219e-05,3.49548496441227e-05,0.000312006317731194,5.53975321829249e-05,0.000190916057916592,1.77211509933369e-05
"RCP_MFM_AF100","2070",3.15443593940435e-05,7.08872521679155e-05,3.72678994961402e-05,0.000336408496283071,5.17474608486291e-05,0.000174544608556974,1.74352447633011e-05
"RCP_MFM_AF100","2080",3.16965519361124e-05,7.0060423801415e-05,3.7397207594812e-05,0.000349307368478176,5.16673413725531e-05,0.000165396950311504,1.5588806448084e-05
"RCP_MFM_AF100","2090",3.02107881106251e-05,6.96771561786006e-05,3.62532251527566e-05,0.000336028885466507,5.1310186531404e-05,0.000174230958008982,1.3189062535895e-05
"RCP_MFM_AF100","2100",2.78932328423378e-05,6.97553847380392e-05,3.454087069702e-05,0.000329205294885327,5.12061107691971e-05,0.00019276393453715,1.08505245833274e-05
"RCP_MFM_AF25","2000",4.23182341493628e-05,7.26297904205864e-05,4.63766851982296e-05,0.000185223707902171,NA,NA,3.3985074853341e-05
"RCP_MFM_AF25","2010",3.81258182791497e-05,7.21802409504508e-05,4.3199102848431e-05,0.000199901539896625,NA,NA,2.9889150484884e-05
"RCP_MFM_AF25","2020",3.45850001267466e-05,7.29878865239019e-05,4.05778072396784e-05,0.000206973704599353,7.03713536001753e-05,0.000255804077371096,2.7037298806586e-05
"RCP_MFM_AF25","2030",3.09123148226019e-05,7.27584223249417e-05,3.6890330180079e-05,0.000217360278038034,6.53420518504354e-05,0.000258320115332843,2.38068763120855e-05
"RCP_MFM_AF25","2040",2.75540548193562e-05,7.25402243859608e-05,3.42747342566282e-05,0.000245036421738879,6.21000737305806e-05,0.000158731730390437,2.0215054358075e-05
"RCP_MFM_AF25","2050",2.64217658192491e-05,7.25309909658883e-05,3.30422771808377e-05,0.000266852135336888,5.8465740051472e-05,0.000164453418304471,1.85338919669369e-05
"RCP_MFM_AF25","2060",2.68736555931768e-05,7.2368578364274e-05,3.30304535250738e-05,0.000269475230142101,5.67636604961194e-05,0.000191509336571957,1.81881301917959e-05
"RCP_MFM_AF25","2070",2.92780895991184e-05,7.09285595478171e-05,3.47800056757716e-05,0.000304977645225313,5.39013706077863e-05,0.000179222402249683,1.86370265313139e-05
"RCP_MFM_AF25","2080",2.94353641029655e-05,7.02444539676695e-05,3.47280105700602e-05,0.000327995603453545,5.27180396608229e-05,0.000172607093380013,1.7508437572623e-05
"RCP_MFM_AF25","2090",2.89975864293848e-05,6.98823429849144e-05,3.42345103027897e-05,0.000329405103032985,5.1312281473273e-05,0.000181421877564639,1.61175978225522e-05
"RCP_MFM_AF25","2100",2.79429437117519e-05,6.95600209046135e-05,3.32320705790721e-05,0.000326489209223933,5.04177671607912e-05,0.000200973855516099,1.45354339315274e-05
"RCP_MFM_AF50","2000",4.2318204926418e-05,7.26297596080096e-05,4.6376655762447e-05,0.000185064774134213,NA,NA,3.39847465536186e-05
"RCP_MFM_AF50","2010",3.81257785302437e-05,7.21801810284764e-05,4.31990600942263e-05,0.000199718821496876,NA,NA,2.98888097876207e-05
"RCP_MFM_AF50","2020",3.48261016135403e-05,7.29709615371547e-05,4.08168007682105e-05,0.000203353549740896,7.04927870841573e-05,NA,2.66344970148248e-05
"RCP_MFM_AF50","2030",3.07604324337705e-05,7.26700510469563e-05,3.67910316237493e-05,0.000212320895797403,6.55610539503121e-05,0.000137085936830269,2.33856777597073e-05
"RCP_MFM_AF50","2040",2.72009377358021e-05,7.22698392502367e-05,3.39795936546398e-05,0.000233718712689101,6.17808121962295e-05,0.000156739633393791,1.98276169853227e-05
"RCP_MFM_AF50","2050",2.65966215528676e-05,7.27056459905331e-05,3.32429674177563e-05,0.000256933315911802,5.81667611710466e-05,0.000162863528336087,1.83774822034053e-05
"RCP_MFM_AF50","2060",2.70272517940011e-05,7.23712628895524e-05,3.32662312076396e-05,0.000279564266461412,5.6494859696442e-05,0.000189786590419666,1.78146089286336e-05
"RCP_MFM_AF50","2070",2.92888145079851e-05,7.07902772942786e-05,3.49322143814523e-05,0.000310777628706487,5.37586651246151e-05,0.00018064130337347,1.78896883251027e-05
"RCP_MFM_AF50","2080",2.97432108821493e-05,7.00809790610668e-05,3.51955647149456e-05,0.000320404690851232,5.24170363591692e-05,0.000172312311788158,1.67019187124116e-05
"RCP_MFM_AF50","2090",2.91100175676675e-05,6.96729839925587e-05,3.45797254507376e-05,0.000316064581529356,5.13838568870725e-05,0.000179663078703039,1.50729724890488e-05
"RCP_MFM_AF50","2100",2.78928690831937e-05,6.93405289407652e-05,3.35221786551956e-05,0.000313866294496038,5.04893816394706e-05,0.000197254675080988,1.32852522184588e-05
"RCP_MFM_AF75","2000",4.23181827537347e-05,7.26297340045053e-05,4.63766331304069e-05,0.000185015960165148,NA,NA,3.3984635233928e-05
"RCP_MFM_AF75","2010",3.81257567195352e-05,7.21801530965006e-05,4.31990373715971e-05,0.000199637322244453,NA,NA,2.98886546606782e-05
"RCP_MFM_AF75","2020",3.48260894466426e-05,7.29709483317554e-05,4.08167884382148e-05,0.00020318042659263,7.04927977234527e-05,5.62513494904765e-05,2.67148226922344e-05
"RCP_MFM_AF75","2030",3.06972183816702e-05,7.25846951055998e-05,3.67422040896425e-05,0.000210880764316638,6.59695102190968e-05,0.000146154933376115,2.33137556351766e-05
"RCP_MFM_AF75","2040",2.72041428692684e-05,7.24596627949199e-05,3.39955578649324e-05,0.000239441676753293,6.12541707182607e-05,0.000153191301477608,1.97232258355452e-05
"RCP_MFM_AF75","2050",2.67751248598805e-05,7.26199373840346e-05,3.34011329200121e-05,0.000250355689997358,5.77629187066917e-05,0.000166295079594384,1.8318727001298e-05
"RCP_MFM_AF75","2060",2.74583917184263e-05,7.22363458256993e-05,3.372617596295e-05,0.000281305627841683,5.55403849791616e-05,0.000191630758641564,1.75651499963028e-05
"RCP_MFM_AF75","2070",3.01236772993682e-05,7.12604958232414e-05,3.58528954375738e-05,0.000334689814763445,5.31630499997868e-05,0.000175386130636898,1.75600887939694e-05
"RCP_MFM_AF75","2080",3.0466793252062e-05,7.04860768773299e-05,3.60614286203299e-05,0.000349554326902528,5.16455214075663e-05,0.000168813784069615,1.6133367375901e-05
"RCP_MFM_AF75","2090",2.95315326736698e-05,7.00839946681742e-05,3.52730164509529e-05,0.000341005017075165,5.06538807947856e-05,0.000179216050881111,1.41722126355235e-05
"RCP_MFM_AF75","2100",2.78757878221431e-05,6.99146328681787e-05,3.39596363229383e-05,0.000337109868914964,5.02348179205337e-05,0.000196408947023228,1.21137013476318e-05
"RCP_MFM_noAF","2000",4.23180669282026e-05,7.26296077219808e-05,4.63765159047754e-05,0.00018501104910274,NA,NA,3.39845337625865e-05
"RCP_MFM_noAF","2010",3.81256428601614e-05,7.2180015186258e-05,4.31989199292261e-05,0.000199588108434871,NA,NA,2.98884829460357e-05
"RCP_MFM_noAF","2020",3.48233318480079e-05,7.29811337829589e-05,4.08160635621509e-05,0.000203230927973756,7.04923584560482e-05,5.63150460473703e-05,2.67129077482739e-05
"RCP_MFM_noAF","2030",3.24702645424138e-05,7.26343352848939e-05,3.82496875126253e-05,0.000213025310890629,6.60504195010059e-05,0.000206597719206619,2.47400307104049e-05
"RCP_MFM_noAF","2040",3.07978294840024e-05,7.29112658252221e-05,3.71091074097983e-05,0.000258298590900699,6.2149112426726e-05,0.000160730632243599,2.22357659409928e-05
"RCP_MFM_noAF","2050",3.14833206308419e-05,7.30415683484356e-05,3.75281566624919e-05,0.000286039931894642,5.86041955887211e-05,0.00016742657732281,2.13950159511435e-05
"RCP_MFM_noAF","2060",3.23902653692434e-05,7.27649652613981e-05,3.79867584236014e-05,0.000302506187787908,5.70296780590769e-05,0.00019083458713082,2.09168196687173e-05
"RCP_MFM_noAF","2070",3.62167003578408e-05,7.20276844690204e-05,4.10258493032271e-05,0.00032924607456716,5.44104808463356e-05,0.000180077382709486,2.19033705754202e-05
"RCP_MFM_noAF","2080",3.81966287804968e-05,7.15111420029475e-05,4.2596658828745e-05,0.000368677836422928,5.36078533398613e-05,0.000174695869679797,2.14699665800363e-05
"RCP_MFM_noAF","2090",3.90756965303761e-05,7.12891991515104e-05,4.32856291949817e-05,0.000357044716204166,5.20277354989614e-05,0.000183205151740034,2.04175972714839e-05
"RCP_MFM_noAF","2100",3.94275079505901e-05,7.10800617350661e-05,4.35593098432023e-05,0.000349106744399699,5.06952769482257e-05,0.000199474699982868,1.90984365958931e-05
"RCP_SFM_AF0","2000",4.23808658587626e-05,7.22218329001306e-05,4.63763091446362e-05,0.000185141853350947,NA,NA,3.40346900164951e-05
"RCP_SFM_AF0","2010",3.82208037914137e-05,7.1807873681008e-05,4.32244641101615e-05,0.000199872626082423,NA,NA,2.99627217212024e-05
"RCP_SFM_AF0","2020",3.49230082321068e-05,7.25904206635544e-05,4.083872364602e-05,0.000203672159710008,7.0482430402966e-05,5.63151060706097e-05,2.67886339459143e-05
"RCP_SFM_AF0","2030",3.09650845669924e-05,7.23712325612159e-05,3.68973691566134e-05,0.000207378809847224,6.51976554445108e-05,0.000174299198151774,2.36322639428943e-05
"RCP_SFM_AF0","2040",2.74323906949159e-05,7.24288956225489e-05,3.41365679391672e-05,0.000241085432883426,6.28154152657485e-05,0.000160308001438318,2.0168843610142e-05
"RCP_SFM_AF0","2050",2.65234369182035e-05,7.19088117605163e-05,3.30644391078668e-05,0.000265692907518976,5.87703602905294e-05,0.000163983784599176,1.86609687513499e-05
"RCP_SFM_AF0","2060",2.69578488518823e-05,7.20214052445383e-05,3.3066345199995e-05,0.000274190599625038,5.72603364804264e-05,0.000187778989166235,1.83346655419309e-05
"RCP_SFM_AF0","2070",2.91675611690096e-05,7.09092612069181e-05,3.45977597033529e-05,0.000289810911592995,5.41965514763793e-05,0.000179304476983171,1.90086208460007e-05
"RCP_SFM_AF0","2080",2.95622200919997e-05,7.04259224355393e-05,3.47037143693597e-05,0.000308320858691951,5.33826460237737e-05,0.000173631132224074,1.83271440353831e-05
"RCP_SFM_AF0","2090",2.90676225068872e-05,7.00952479415155e-05,3.41030301109238e-05,0.000335761888642929,5.23035842705374e-05,0.000182031875060027,1.71040881527121e-05
"RCP_SFM_AF0","2100",2.81731983658229e-05,6.97982595380235e-05,3.32014357973387e-05,0.000335659162023676,5.07400919043571e-05,0.000197363594298575,1.56662010767391e-05
"RCP_SFM_AF100","2000",3.91871632452254e-05,9.44847125626818e-05,4.65910192207844e-05,0.000184347519177595,NA,NA,3.14951876703767e-05
"RCP_SFM_AF100","2010",3.47319870316536e-05,9.3797324523019e-05,4.35312924307397e-05,0.000198958034373019,NA,NA,2.72570987692087e-05
"RCP_SFM_AF100","2020",3.07108505216315e-05,9.4988889877449e-05,4.07896470926237e-05,0.000203643967416252,7.0406409448354e-05,5.62464474025852e-05,2.36712624952365e-05
"RCP_SFM_AF100","2030",2.84174506839406e-05,9.49401695731011e-05,3.81186805219431e-05,0.000253221722988202,6.61282034706668e-05,0.000228657237531451,2.13179220163072e-05
"RCP_SFM_AF100","2040",2.80152498002325e-05,9.45694818927032e-05,3.84475532341757e-05,0.000285643782718553,5.82487752726392e-05,0.000160951182049196,1.88863779899504e-05
"RCP_SFM_AF100","2050",2.95655637257825e-05,9.38861597821911e-05,4.01401413579824e-05,0.000350532487639341,5.43173915551343e-05,0.000168699252845642,1.69319503146237e-05
"RCP_SFM_AF100","2060",3.61376961507894e-05,9.35371902695615e-05,4.61162365956796e-05,0.000370347715781911,5.13115289521239e-05,0.000184360593724941,1.72166751794006e-05
"RCP_SFM_AF100","2070",4.17047182374049e-05,9.19317381330056e-05,5.13774128816107e-05,0.000382827454766656,4.9048337764522e-05,0.000161892529692438,1.57572771229008e-05
"RCP_SFM_AF100","2080",4.44442552649305e-05,9.05135737120922e-05,5.45277004672209e-05,0.000373690626771937,4.90693394014977e-05,0.000155638564502693,1.30159682345022e-05
"RCP_SFM_AF100","2090",4.94564586057966e-05,9.02370371836843e-05,5.97698763899956e-05,0.000362705231152834,4.93137612701346e-05,0.000168090918417526,1.1025399487011e-05
"RCP_SFM_AF100","2100",5.66690649042018e-05,9.01695454710277e-05,6.67841684548501e-05,0.000352028424960712,4.96436333962621e-05,0.000189462983320738,9.20912589177475e-06
"RCP_SFM_AF25","2000",4.18897115346861e-05,7.54414165152261e-05,4.63819900258044e-05,0.000185023957993312,NA,NA,3.36441522710393e-05
"RCP_SFM_AF25","2010",3.76811133868184e-05,7.4992198861691e-05,4.32395618746951e-05,0.000199686159000401,NA,NA,2.95441084670978e-05
"RCP_SFM_AF25","2020",3.4321524338316e-05,7.58237812188725e-05,4.0839506989429e-05,0.000203428259778989,7.04828395018799e-05,5.63020776584741e-05,2.63350357299186e-05
"RCP_SFM_AF25","2030",3.0676037098659e-05,7.54429896720287e-05,3.7127170002245e-05,0.000207466905409407,6.69803595395633e-05,0.000179176547534612,2.33539559872363e-05
"RCP_SFM_AF25","2040",2.74802887383815e-05,7.54494589645268e-05,3.46593482280087e-05,0.000233586126522544,6.17643773772573e-05,0.00015663724951859,1.99506318512033e-05
"RCP_SFM_AF25","2050",2.71738535419539e-05,7.50869991911234e-05,3.41159910745632e-05,0.000239736297012703,5.87368660862348e-05,0.000166178284447454,1.86091117972757e-05
"RCP_SFM_AF25","2060",2.80999061528635e-05,7.47591257621334e-05,3.45835694236305e-05,0.000272764034011434,5.61807491262256e-05,0.000188000834074142,1.81960609458164e-05
"RCP_SFM_AF25","2070",3.12089044820533e-05,7.39196172155562e-05,3.70496857105665e-05,0.00032597654549627,5.37773926423273e-05,0.000176947376668248,1.86576344679613e-05
"RCP_SFM_AF25","2080",3.1774475758706e-05,7.31780626805703e-05,3.73953263468864e-05,0.000339593678579117,5.20306463362663e-05,0.000170430675627828,1.74603923467786e-05
"RCP_SFM_AF25","2090",3.14622578507958e-05,7.27597679459939e-05,3.70755116501432e-05,0.000331929689901325,5.08684455243937e-05,0.000181275803216203,1.58854809755593e-05
"RCP_SFM_AF25","2100",3.05829888232938e-05,7.24287712046841e-05,3.63194975463241e-05,0.000331719797108118,5.01513587311608e-05,0.000198360569124998,1.41815653310742e-05
"RCP_SFM_AF50","2000",4.12285075969219e-05,7.9783877801003e-05,4.63907328962131e-05,0.000184989376634503,NA,NA,3.31186391014915e-05
"RCP_SFM_AF50","2010",3.69959190259759e-05,7.92809397028012e-05,4.32953634471045e-05,0.000199539115935672,NA,NA,2.90127865493275e-05
"RCP_SFM_AF50","2020",3.35117108352038e-05,8.01852426094739e-05,4.08418488382142e-05,0.000203228247616826,7.04817122437057e-05,NA,2.56438806057003e-05
"RCP_SFM_AF50","2030",3.01969183406015e-05,7.9520467508856e-05,3.73463054089137e-05,0.000213615971596438,6.53198141815276e-05,0.000146390790705651,2.28284926097139e-05
"RCP_SFM_AF50","2040",2.78856275454475e-05,7.97959238959905e-05,3.57116611584615e-05,0.000260560316511897,6.13746127921288e-05,0.000152353890759074,1.98716842577597e-05
"RCP_SFM_AF50","2050",2.79472834699491e-05,7.96876551737239e-05,3.55663475762613e-05,0.000280736029149131,5.69159767849974e-05,0.000164047955351711,1.84245468961836e-05
"RCP_SFM_AF50","2060",3.03790107139836e-05,7.9277603967284e-05,3.75508043911343e-05,0.00034230819773749,5.53944987594624e-05,0.000190453953768449,1.81169024132019e-05
"RCP_SFM_AF50","2070",3.39462234801068e-05,7.82266699924848e-05,4.04930636902702e-05,0.000367786522759297,5.16612521581869e-05,0.000173981946896643,1.8061487650799e-05
"RCP_SFM_AF50","2080",3.49732992151891e-05,7.73108184892052e-05,4.13792512373924e-05,0.000381651591060641,5.12974862140924e-05,0.000165253785908829,1.64990310383938e-05
"RCP_SFM_AF50","2090",3.47061907221397e-05,7.68112194823259e-05,4.13321609132992e-05,0.00037893907853102,5.12186879622886e-05,0.000174495770870049,1.43761229666375e-05
"RCP_SFM_AF50","2100",3.42457361707536e-05,7.64856679148463e-05,4.11806503376942e-05,0.000371453309818486,5.06409081071362e-05,0.000193631971846422,1.25120652259302e-05
"RCP_SFM_AF75","2000",4.0379972035374e-05,8.56844438932822e-05,4.64458427443826e-05,0.000184620588894638,NA,NA,3.24436153682105e-05
"RCP_SFM_AF75","2010",3.60695158462416e-05,8.51085183240881e-05,4.33751400515074e-05,0.000199098813477536,NA,NA,2.82940139198377e-05
"RCP_SFM_AF75","2020",3.23487369726482e-05,8.61242730466592e-05,4.07807410290532e-05,0.000204035000038192,7.04284097742411e-05,0.000241215791786586,2.51946170082196e-05
"RCP_SFM_AF75","2030",2.97100567644645e-05,8.53064234736139e-05,3.78281103104907e-05,0.000230330394220601,6.60375566890275e-05,0.000252922745909484,2.25071263679948e-05
"RCP_SFM_AF75","2040",2.84575132916245e-05,8.52589819611625e-05,3.72395843341488e-05,0.000264311038946957,5.839631129821e-05,0.000159642569113411,1.96491912021077e-05
"RCP_SFM_AF75","2050",2.88057782169918e-05,8.54692007125578e-05,3.75540969875537e-05,0.000303082828349227,5.48302963842416e-05,0.000163232273664833,1.77420749270403e-05
"RCP_SFM_AF75","2060",3.33861702869841e-05,8.50845352031187e-05,4.15767542635229e-05,0.000362263679818916,5.21341638228148e-05,0.000182271024448272,1.78600191482561e-05
"RCP_SFM_AF75","2070",3.78560029057748e-05,8.38300542452643e-05,4.54602086660242e-05,0.000369626375408326,5.02209618034963e-05,0.000165342293934599,1.72954426119352e-05
"RCP_SFM_AF75","2080",3.90102864368531e-05,8.26384127165262e-05,4.67679793642338e-05,0.000371893286073784,5.01805484873602e-05,0.000156858554433609,1.48814062082022e-05
"RCP_SFM_AF75","2090",3.9726732639028e-05,8.20705201548778e-05,4.78812782913736e-05,0.000365678229101835,4.99244027742919e-05,0.000168695560082933,1.26334800329692e-05
"RCP_SFM_AF75","2100",4.09805115727656e-05,8.18162179350026e-05,4.95899738425602e-05,0.000354408066430906,4.99427237322346e-05,0.000191654145363583,1.08003765384634e-05
"RCP_SFM_noAF","2000",4.23180669387991e-05,7.26296077357704e-05,4.63765159157994e-05,0.000185011066210168,NA,NA,3.39845338038454e-05
"RCP_SFM_noAF","2010",3.81256429268176e-05,7.21800153008296e-05,4.31989200030205e-05,0.000199577760631274,NA,NA,2.98884654475494e-05
"RCP_SFM_noAF","2020",3.48233319493184e-05,7.2981133921513e-05,4.08160636693105e-05,0.000202960254277924,7.049235835367e-05,0.000241469051127581,2.69777623323961e-05
"RCP_SFM_noAF","2030",3.24716909500333e-05,7.26238735812917e-05,3.82494032763336e-05,0.000212703727658267,6.60504488351288e-05,0.000190972478840178,2.47205943982087e-05
"RCP_SFM_noAF","2040",3.07989026539802e-05,7.29112290410072e-05,3.71100142378671e-05,0.000259181729213522,6.21275283683163e-05,0.000158613793381703,2.22348096836139e-05
"RCP_SFM_noAF","2050",3.14850437459353e-05,7.30318100704707e-05,3.75282097567768e-05,0.000295683093244127,5.85967202319011e-05,0.000164772222653247,2.14030546413847e-05
"RCP_SFM_noAF","2060",3.23881827539678e-05,7.27542099066281e-05,3.79834736464158e-05,0.000309115084598949,5.70233923576164e-05,0.000194734943906734,2.09244838204791e-05
"RCP_SFM_noAF","2070",3.62174107689179e-05,7.20172165411768e-05,4.10250585464874e-05,0.000334908715970876,5.44031768438568e-05,0.000181115396480554,2.19091629843457e-05
"RCP_SFM_noAF","2080",3.81980408365032e-05,7.15002184423992e-05,4.25964416523763e-05,0.000370781876056046,5.36197411580681e-05,0.000174535966336438,2.14728546395457e-05
"RCP_SFM_noAF","2090",3.90794539173067e-05,7.12780826922824e-05,4.3287442742041e-05,0.000360269775475078,5.2027723811635e-05,0.000181935043801362,2.0421286067354e-05
"RCP_SFM_noAF","2100",3.94314401800053e-05,7.10693933610503e-05,4.35613361663421e-05,0.000350485044236721,5.06926589850973e-05,0.000199679097774795,1.91016717539382e-05
"REF_MFM_AF0","2000",4.23184286358994e-05,7.26300214133525e-05,4.63768845726295e-05,0.000186535579294697,NA,NA,3.39877475735521e-05
"REF_MFM_AF0","2010",3.86329697567884e-05,7.31478757862026e-05,4.37748551987868e-05,0.000200110669557137,NA,NA,3.02825822786394e-05
"REF_MFM_AF0","2020",3.51566086233853e-05,7.40173360791841e-05,4.12402368832388e-05,0.000205541616497869,7.14403785598653e-05,NA,2.70175752737125e-05
"REF_MFM_AF0","2030",3.2972516223349e-05,7.36350966304836e-05,3.90997543668898e-05,0.000210273500978455,6.64203585972529e-05,0.000160285229197971,2.50989913605947e-05
"REF_MFM_AF0","2040",3.07560941253664e-05,7.38811816514695e-05,3.78582969672024e-05,0.000216935166502007,6.58357471803713e-05,0.000173299791634725,2.27414527190642e-05
"REF_MFM_AF0","2050",2.9157790731515e-05,7.30670895584307e-05,3.64653236749725e-05,0.000224744659005035,6.3474750651689e-05,0.000173629678357756,2.08776660532429e-05
"REF_MFM_AF0","2060",2.87202930604546e-05,7.11383295230953e-05,3.59257202291454e-05,0.000237699436913109,5.9976713836372e-05,0.000173437010493555,2.00492548701684e-05
"REF_MFM_AF0","2070",2.85221059661399e-05,7.13026248467773e-05,3.58431769055347e-05,0.000240426343553663,6.03145453769268e-05,0.000176722608117166,1.95192560920913e-05
"REF_MFM_AF0","2080",2.81787265717347e-05,7.08742367285971e-05,3.55707850466542e-05,0.000248026740535716,6.14940698383514e-05,0.000170497486519837,1.9001659950437e-05
"REF_MFM_AF0","2090",2.7722347512318e-05,7.11145809228951e-05,3.52462624235691e-05,0.000250696707298849,6.20415514391989e-05,0.000166246996404163,1.84266440065998e-05
"REF_MFM_AF0","2100",2.92181711938693e-05,7.07996044789291e-05,3.65120657881002e-05,0.000251381054094889,6.30250316162247e-05,0.000163865473894374,1.91145467580585e-05
"REF_MFM_AF100","2000",4.23183809016176e-05,7.26297648339406e-05,4.63768088758198e-05,0.000186250542404803,NA,NA,3.39871625055575e-05
"REF_MFM_AF100","2010",3.8632925728564e-05,7.31476097754293e-05,4.37747781005365e-05,0.000199718575484179,NA,NA,3.02818831654004e-05
"REF_MFM_AF100","2020",3.51569957563847e-05,7.40144526703838e-05,4.12401120144868e-05,0.000204737593451722,7.14400919562303e-05,0.000219637800623739,2.73316929018626e-05
"REF_MFM_AF100","2030",3.22415409271165e-05,7.33812159304902e-05,3.84978048677217e-05,0.000209868373027001,6.52027312198763e-05,0.000142529436004066,2.44054908710841e-05
"REF_MFM_AF100","2040",2.95191695969096e-05,7.38011393177343e-05,3.68657977545502e-05,0.000234552381447662,6.42998342184744e-05,0.000163452537389524,2.1375479447432e-05
"REF_MFM_AF100","2050",2.83742570409221e-05,7.26838372557708e-05,3.58603505018783e-05,0.000251407225693501,6.14768626419528e-05,0.0001703607218149,1.95455994885744e-05
"REF_MFM_AF100","2060",2.75971266401934e-05,7.0894183649006e-05,3.5177526211137e-05,0.000277575316623731,5.73551972890097e-05,0.000174467775577291,1.80478150136665e-05
"REF_MFM_AF100","2070",2.68375867040108e-05,7.06774964085408e-05,3.47889428759108e-05,0.000292353982359077,5.72612138766755e-05,0.000178781404202356,1.65941049594485e-05
"REF_MFM_AF100","2080",2.57909015561278e-05,7.05345807276062e-05,3.418034140078e-05,0.000290580704529304,5.80004871159962e-05,0.000179644452493893,1.50912842832981e-05
"REF_MFM_AF100","2090",2.49688721721974e-05,7.06666804611626e-05,3.38213271810545e-05,0.000281471227410871,5.86114983065153e-05,0.000179588396118881,1.38578786515433e-05
"REF_MFM_AF100","2100",2.94806815399449e-05,7.13875427714247e-05,3.78319590923583e-05,0.000275463750754008,5.92793410667439e-05,0.000170017525303256,1.54599301503599e-05
"REF_MFM_AF25","2000",4.23183270070761e-05,7.26299134954436e-05,4.63767821017529e-05,0.000186572770518073,NA,NA,3.39877382003186e-05
"REF_MFM_AF25","2010",3.86328697145048e-05,7.31477560831356e-05,4.37747522275224e-05,0.000200221239551604,NA,NA,3.02826922653362e-05
"REF_MFM_AF25","2020",3.52883459643101e-05,7.40067015649623e-05,4.136911335031e-05,0.000202985769155362,7.14858706261755e-05,0.000263904336487517,2.73617596154427e-05
"REF_MFM_AF25","2030",3.28258301416637e-05,7.35741167342694e-05,3.89847314739812e-05,0.000206625894328348,6.6373594875138e-05,0.00014637487431749,2.49011920662808e-05
"REF_MFM_AF25","2040",3.03968598685541e-05,7.36646289154087e-05,3.75651022031822e-05,0.000217493914902945,6.62912266574255e-05,0.000166730687917618,2.23652423454473e-05
"REF_MFM_AF25","2050",2.85478332169384e-05,7.32743777148816e-05,3.59803325232143e-05,0.00022118974822499,6.35967314026137e-05,0.000175599561258841,2.03250934792201e-05
"REF_MFM_AF25","2060",2.82157909472801e-05,7.10882397885575e-05,3.54996347146506e-05,0.000236106960532114,5.95341287993905e-05,0.000174537519283434,1.95681339224968e-05
"REF_MFM_AF25","2070",2.7949722271984e-05,7.10603939176976e-05,3.53401231255349e-05,0.00024623569871078,5.98012691220161e-05,0.00016272831239946,1.8957912977906e-05
"REF_MFM_AF25","2080",2.74803958713931e-05,7.10846110028618e-05,3.50006387231139e-05,0.000251907336101335,6.13150665446001e-05,0.000163524677094496,1.8341240538504e-05
"REF_MFM_AF25","2090",2.72579108619952e-05,7.05486558509063e-05,3.48354385236768e-05,0.000249401035680815,6.19279202294368e-05,0.000165312038529912,1.78509404840756e-05
"REF_MFM_AF25","2100",3.09443877009609e-05,7.08272276521717e-05,3.79574253070607e-05,0.000247751557910942,6.24004630961574e-05,0.000166985627201158,1.98249046069541e-05
"REF_MFM_AF50","2000",4.23184591099693e-05,7.26300542598365e-05,4.63769153643448e-05,0.00018643900287646,NA,NA,3.39875864102365e-05
"REF_MFM_AF50","2010",3.86329998840583e-05,7.31479121238177e-05,4.37748862512478e-05,0.000200056952610844,NA,NA,3.02825145260685e-05
"REF_MFM_AF50","2020",3.50433367084297e-05,7.40223963324754e-05,4.11260562039018e-05,0.000206965198384997,7.13640494202579e-05,6.28938275718432e-05,2.71046994904403e-05
"REF_MFM_AF50","2030",3.25109455720663e-05,7.35839958848643e-05,3.87094699332965e-05,0.000212582037644498,6.58720541973271e-05,0.000150298462554726,2.47537757797888e-05
"REF_MFM_AF50","2040",2.98844838613717e-05,7.32257483417067e-05,3.70756353670775e-05,0.000223338580104407,6.49826490424397e-05,0.000169585305587524,2.19769367103326e-05
"REF_MFM_AF50","2050",2.8359676283973e-05,7.31540113755713e-05,3.57922178102827e-05,0.00022600005169478,6.24695202819429e-05,0.000171941973661243,2.00418462211337e-05
"REF_MFM_AF50","2060",2.81857516077326e-05,7.1494804088087e-05,3.55240479432843e-05,0.000239513854238525,5.95580054142351e-05,0.000177123622344408,1.92897542825634e-05
"REF_MFM_AF50","2070",2.75923288724955e-05,7.07384437258787e-05,3.50701064467782e-05,0.000247874282432218,5.92744295084299e-05,0.000166600914868205,1.83355570189927e-05
"REF_MFM_AF50","2080",2.67165149827165e-05,7.0632707918377e-05,3.44103596365609e-05,0.000250232501705284,6.0171293179318e-05,0.000163355450792358,1.73230187334353e-05
"REF_MFM_AF50","2090",2.74377460842248e-05,7.07150718304486e-05,3.51028523684305e-05,0.000247721418211867,6.09368912963993e-05,0.000158782017470702,1.73017399033305e-05
"REF_MFM_AF50","2100",3.12123470688195e-05,7.10296273344878e-05,3.8342858431768e-05,0.000242854417959688,6.16251732781256e-05,0.00016005674140838,1.90766571331572e-05
"REF_MFM_AF75","2000",4.23184466047538e-05,7.2629836724838e-05,4.63768754074429e-05,0.000186418803679444,NA,NA,3.39875376997762e-05
"REF_MFM_AF75","2010",3.86329909649988e-05,7.31476891159444e-05,4.37748454381378e-05,0.000199921110913221,NA,NA,3.02822772264137e-05
"REF_MFM_AF75","2020",3.50403514548575e-05,7.40354941070473e-05,4.11255807222375e-05,0.000206627956290997,7.136436722175e-05,6.29588721871766e-05,2.71020425512847e-05
"REF_MFM_AF75","2030",3.23635051832887e-05,7.34611154100521e-05,3.8584703061652e-05,0.000209316424325605,6.55043677552889e-05,0.000191694484652386,2.46583533672827e-05
"REF_MFM_AF75","2040",2.9638995189753e-05,7.33843637717469e-05,3.68859689006255e-05,0.000226851281548852,6.53879248067525e-05,0.00017360288022506,2.16931680996032e-05
"REF_MFM_AF75","2050",2.81451535913481e-05,7.30134027363701e-05,3.56231951155184e-05,0.00024601184571688,6.21037633030227e-05,0.00017069344328839,1.96851133565092e-05
"REF_MFM_AF75","2060",2.76221317138727e-05,7.12859815972504e-05,3.50900628957755e-05,0.000264638902478209,5.85088274565461e-05,0.000177085600874915,1.85585293544203e-05
"REF_MFM_AF75","2070",2.66651651836283e-05,7.1091539052446e-05,3.44432842679166e-05,0.000277232549277311,5.80056689600295e-05,0.000173115645968096,1.72142183512042e-05
"REF_MFM_AF75","2080",2.55544244377188e-05,7.09612715347644e-05,3.36837148050931e-05,0.000274621413668098,5.82703012175591e-05,0.000173943764867732,1.58506095290441e-05
"REF_MFM_AF75","2090",2.59033357049999e-05,7.04337479810341e-05,3.41063063874272e-05,0.000265525534295682,5.96449773444036e-05,0.000174371507652487,1.5470791064143e-05
"REF_MFM_AF75","2100",3.02800538400487e-05,7.09525413108526e-05,3.79104032483067e-05,0.00025667163790025,6.06224285099016e-05,0.0001740580374734,1.73327496434656e-05
"REF_MFM_noAF","2000",4.23184158633953e-05,7.26298030880035e-05,4.63768442784056e-05,0.000186222704192831,NA,NA,3.39871368530037e-05
"REF_MFM_noAF","2010",3.86329714756331e-05,7.31476787695488e-05,4.37748273108533e-05,0.000199658280348558,NA,NA,3.02818163622743e-05
"REF_MFM_noAF","2020",3.52879457451201e-05,7.40093522059074e-05,4.13691922726156e-05,0.000202142582581776,7.14859151011598e-05,0.000221275594250071,2.72991824196979e-05
"REF_MFM_noAF","2030",3.44623953502941e-05,7.34853391545425e-05,4.03876582898962e-05,0.000208673100533812,6.5923069396123e-05,0.000146645346156116,2.6047941222693e-05
"REF_MFM_noAF","2040",3.38332601431257e-05,7.39000753224343e-05,4.04908880430108e-05,0.000239729839295953,6.61019726333522e-05,0.000169657080199711,2.45105693015155e-05
"REF_MFM_noAF","2050",3.43518798914941e-05,7.35433949184704e-05,4.09525561065638e-05,0.000272754970429103,6.27696303846423e-05,0.000171326715911249,2.36639429934335e-05
"REF_MFM_noAF","2060",3.56209071574482e-05,7.18968293929129e-05,4.18811587604868e-05,0.000284744746298936,5.98876301117998e-05,0.00017731910576625,2.3532815098367e-05
"REF_MFM_noAF","2070",3.71521341171554e-05,7.18410428843788e-05,4.32704928288546e-05,0.000292408284314365,5.95126001783525e-05,0.000178829961294329,2.34585236646808e-05
"REF_MFM_noAF","2080",3.83600009882557e-05,7.11813941687678e-05,4.43036186635728e-05,0.000295103215723193,6.00319286633984e-05,0.000178660324653572,2.32712008398794e-05
"REF_MFM_noAF","2090",3.9432846357059e-05,7.12806206427639e-05,4.53036432482249e-05,0.000286553740827443,6.06648794158946e-05,0.000178923225745121,2.30240143014e-05
"REF_MFM_noAF","2100",4.0185473226632e-05,7.13729637721781e-05,4.60202189743914e-05,0.000279671333911815,6.13775475460457e-05,0.000176504662967254,2.26865099416215e-05
"REF_SFM_AF0","2000",4.25913229192203e-05,7.08752449514003e-05,4.63782915595122e-05,0.000186570226139582,NA,NA,3.42046782216695e-05
"REF_SFM_AF0","2010",3.89650552090357e-05,7.14291652590902e-05,4.38014216969395e-05,0.000200200976731969,NA,NA,3.05401243968647e-05
"REF_SFM_AF0","2020",3.56507009485092e-05,7.22480818680302e-05,4.13983665416391e-05,0.000203796170550638,7.13670684546513e-05,0.000220874725453164,2.76150589842338e-05
"REF_SFM_AF0","2030",3.31118161286403e-05,7.18653200978238e-05,3.89602870020384e-05,0.000208969995086717,6.6057462109157e-05,0.000157661455985491,2.51307791444752e-05
"REF_SFM_AF0","2040",3.10192584176252e-05,7.20218994247991e-05,3.78021096125526e-05,0.000215783334628127,6.61124028498929e-05,0.000170515174595937,2.28207952573059e-05
"REF_SFM_AF0","2050",2.95579912974968e-05,7.11056727052732e-05,3.64927433919134e-05,0.000225794510721397,6.37665078975993e-05,0.000172403774454603,2.10957339503315e-05
"REF_SFM_AF0","2060",2.94168544627702e-05,6.99485793375061e-05,3.62723687590906e-05,0.000238313379115358,6.04689918712489e-05,0.000176559963188628,2.04837203785667e-05
"REF_SFM_AF0","2070",2.93668244464776e-05,6.94513305969877e-05,3.62572851449958e-05,0.000245098182726785,6.06832020116856e-05,0.000176347284073995,2.00147702876214e-05
"REF_SFM_AF0","2080",2.89789027474152e-05,6.96203508479552e-05,3.59755592317896e-05,0.000252168283644807,6.18848195845651e-05,0.000173281413360336,1.94870521603654e-05
"REF_SFM_AF0","2090",2.85809589437545e-05,6.92131315675895e-05,3.56580340554135e-05,0.000253304841860292,6.23048628432061e-05,0.000166410278183346,1.89028091054645e-05
"REF_SFM_AF0","2100",3.06717767656122e-05,6.94815794868611e-05,3.74416070147323e-05,0.000253709996009147,6.3224692712828e-05,0.000167977333676968,1.99819151628919e-05
"REF_SFM_AF100","2000",3.91874915774013e-05,9.44847047420265e-05,4.65913025450498e-05,0.000186415403042955,NA,NA,3.14994179374542e-05
"REF_SFM_AF100","2010",3.51923097533617e-05,9.50665066580229e-05,4.41121156237023e-05,0.000200048207792974,NA,NA,2.761572931523e-05
"REF_SFM_AF100","2020",3.11229445920163e-05,9.63003257492524e-05,4.13427579574709e-05,0.000203952739054263,7.13992312988032e-05,NA,2.39037891917687e-05
"REF_SFM_AF100","2030",2.94633541602036e-05,9.49936292786493e-05,3.9631845126859e-05,0.000248964547845267,6.72830462177896e-05,0.000176907839509331,2.1962464270844e-05
"REF_SFM_AF100","2040",2.97583172208297e-05,9.51530786688137e-05,4.11997762863679e-05,0.000286498467114033,6.33399335106044e-05,0.000163399222962591,2.01434083946815e-05
"REF_SFM_AF100","2050",3.06702393355541e-05,9.48452909506779e-05,4.23872923105097e-05,0.00031014461303004,5.91934466805051e-05,0.00017051014014219,1.85889350551841e-05
"REF_SFM_AF100","2060",3.27240665616176e-05,9.2017870913305e-05,4.48271090229171e-05,0.000362000440565364,5.28876116563627e-05,0.000177701497033503,1.70098238274336e-05
"REF_SFM_AF100","2070",3.55772845400674e-05,9.1659541943045e-05,4.85284838132127e-05,0.000382923096566954,5.21629728782643e-05,0.000168383143974755,1.54448117273046e-05
"REF_SFM_AF100","2080",3.9060020054038e-05,9.14151514961899e-05,5.29449575897912e-05,0.000379669509443959,5.2805556149442e-05,0.000171373230427881,1.38620455902005e-05
"REF_SFM_AF100","2090",4.44514426113951e-05,9.13530181889366e-05,5.90997857000828e-05,0.000368518275976614,5.30604735904382e-05,0.000161637870156128,1.23204906582222e-05
"REF_SFM_AF100","2100",5.4033602563145e-05,9.13383347679992e-05,6.82016019022708e-05,0.00035795688078078,5.32810817034574e-05,0.000162234060461889,1.09712898983825e-05
"REF_SFM_AF25","2000",4.19738118832129e-05,7.49182463498235e-05,4.63847821883658e-05,0.000186451023564965,NA,NA,3.37137245772964e-05
"REF_SFM_AF25","2010",3.82635603965888e-05,7.54879206396425e-05,4.3809088924418e-05,0.000200007970941575,NA,NA,2.99960905610495e-05
"REF_SFM_AF25","2020",3.48175087898733e-05,7.63776277220834e-05,4.13341354384439e-05,0.000204377650421691,7.14162796098411e-05,0.00026401074602152,2.7095557882874e-05
"REF_SFM_AF25","2030",3.25473413227513e-05,7.57377577723284e-05,3.90953523924422e-05,0.000210786223066045,6.62168735364283e-05,0.000145101325415635,2.46498644967658e-05
"REF_SFM_AF25","2040",3.05656441392468e-05,7.58223018733956e-05,3.8074290218819e-05,0.000229224352834225,6.60996220894858e-05,0.00016810840453614,2.22677007616634e-05
"REF_SFM_AF25","2050",2.94498209263073e-05,7.55277227084426e-05,3.71064782583687e-05,0.000232951375336994,6.28688730388647e-05,0.000174658178645272,2.05453798574081e-05
"REF_SFM_AF25","2060",2.98888676081931e-05,7.37080725163529e-05,3.73260721109542e-05,0.00024759638367505,5.87238373733867e-05,0.000177557522518279,2.01117836159542e-05
"REF_SFM_AF25","2070",3.02269041240196e-05,7.29106820667708e-05,3.76617145899421e-05,0.000252524120743973,5.92647467875185e-05,0.000178857235830397,1.96690155416757e-05
"REF_SFM_AF25","2080",3.02813447885245e-05,7.28286876615948e-05,3.77857580196802e-05,0.00025473939011156,5.96381945537504e-05,0.000177681064311702,1.90977197916876e-05
"REF_SFM_AF25","2090",3.00983842988677e-05,7.28443307070067e-05,3.7746221355915e-05,0.000254284258437456,6.00603192952604e-05,0.000168817714467687,1.83692112771209e-05
"REF_SFM_AF25","2100",3.48675845626133e-05,7.31274087312117e-05,4.18126417860866e-05,0.000249759696044375,6.1249641270621e-05,0.000164420153332873,2.05554567014165e-05
"REF_SFM_AF50","2000",4.12649700185653e-05,7.95736556121951e-05,4.63941664160388e-05,0.000186268366068676,NA,NA,3.31500701750182e-05
"REF_SFM_AF50","2010",3.75281933066051e-05,8.01407415433062e-05,4.38764314051825e-05,0.000199691448412532,NA,NA,2.94255939077708e-05
"REF_SFM_AF50","2020",3.4000021840887e-05,8.11094380243054e-05,4.13986160491802e-05,0.000202261727626565,7.14704927990003e-05,0.000263278988660706,2.63890252486233e-05
"REF_SFM_AF50","2030",3.19737706171079e-05,8.02463974769915e-05,3.93487552762567e-05,0.000208283496121353,6.56080350225451e-05,0.000174244791045579,2.41152554171495e-05
"REF_SFM_AF50","2040",3.01823758960518e-05,8.07292976043612e-05,3.86327048319501e-05,0.000252672200485754,6.55063905259797e-05,0.000160311053736498,2.15952876362359e-05
"REF_SFM_AF50","2050",2.99387370001388e-05,8.00457120676515e-05,3.8418378934641e-05,0.000286379115565601,6.13267200865919e-05,0.000167316847944022,2.02265035771295e-05
"REF_SFM_AF50","2060",3.0218411054656e-05,7.79530686082319e-05,3.85795771866518e-05,0.000311120116925309,5.75600406533207e-05,0.000173827009639565,1.93385923805099e-05
"REF_SFM_AF50","2070",3.08241049325558e-05,7.77507058042939e-05,3.93562141819628e-05,0.000326705483083536,5.79249873693268e-05,0.00017236143107195,1.85609512538134e-05
"REF_SFM_AF50","2080",3.14657213189155e-05,7.76101838566046e-05,4.02323722328116e-05,0.000336200921078872,5.75885257172286e-05,0.000163809218507213,1.76374131504294e-05
"REF_SFM_AF50","2090",3.15519687811698e-05,7.75645566900089e-05,4.06551786192495e-05,0.000323988644761638,5.72895422468525e-05,0.000165017426165154,1.65468372308203e-05
"REF_SFM_AF50","2100",3.63183673332881e-05,7.77957550672549e-05,4.48464283627019e-05,0.000313831009752124,5.6345146541954e-05,0.000166181263047876,1.77970577252672e-05
"REF_SFM_AF75","2000",4.03819578693489e-05,8.56742734884257e-05,4.64462009647901e-05,0.000186598624711543,NA,NA,3.2448990356681e-05
"REF_SFM_AF75","2010",3.65496858110069e-05,8.6245079718066e-05,4.39530964489301e-05,0.000200071827734072,NA,NA,2.8667828736484e-05
"REF_SFM_AF75","2020",3.26193900086882e-05,8.73181224159507e-05,4.11551794607769e-05,0.000206280417638744,7.13510306582381e-05,0.000224877536311239,2.54948195388524e-05
"REF_SFM_AF75","2030",3.08438649170299e-05,8.62461364965284e-05,3.93474693920227e-05,0.000229245640090449,6.71771521507478e-05,0.000159529968768467,2.32450932785193e-05
"REF_SFM_AF75","2040",3.04165420814154e-05,8.65284259465272e-05,3.99581884796949e-05,0.000258303025659737,6.40752759925989e-05,0.000167465836939119,2.12857465800805e-05
"REF_SFM_AF75","2050",3.02504838992631e-05,8.63301486641016e-05,3.99840562867908e-05,0.00027882367330782,6.1434574146079e-05,0.000167253116698651,1.95401866593617e-05
"REF_SFM_AF75","2060",3.13422549760316e-05,8.39414923110675e-05,4.10762394743659e-05,0.000315262643806017,5.61738361018385e-05,0.000172682778248223,1.8431446749392e-05
"REF_SFM_AF75","2070",3.27497928606372e-05,8.36481679421173e-05,4.29294678769332e-05,0.000332990566272299,5.53252886761015e-05,0.000173442777153781,1.71653323919371e-05
"REF_SFM_AF75","2080",3.4326092578187e-05,8.34555308212103e-05,4.49302683573742e-05,0.000340137907422812,5.5214330582421e-05,0.000166283469500309,1.601872478316e-05
"REF_SFM_AF75","2090",3.59587205220362e-05,8.33800578180147e-05,4.71227070560786e-05,0.000332798248564149,5.57455532579439e-05,0.000164444542188231,1.47606434423165e-05
"REF_SFM_AF75","2100",3.92556867115127e-05,8.34257972371637e-05,5.06916535696979e-05,0.000327404379640049,5.60328487094556e-05,0.000164885110716057,1.39608529702683e-05
"REF_SFM_noAF","2000",4.23184107053386e-05,7.26297974440471e-05,4.63768390552912e-05,0.000186205684485464,NA,NA,3.39871000842961e-05
"REF_SFM_noAF","2010",3.86329553209313e-05,7.31476457653411e-05,4.37748086459831e-05,0.00019972104266988,NA,NA,3.028191028589e-05
"REF_SFM_noAF","2020",3.52879274677154e-05,7.40093068130762e-05,4.13691697366983e-05,0.000202554234785179,7.14858861164962e-05,6.29170010627628e-05,2.70729018078157e-05
"REF_SFM_noAF","2030",3.44723497552856e-05,7.34455618026269e-05,4.03900614005108e-05,0.000209817181431856,6.60063253966089e-05,0.000132850894424719,2.60398251326678e-05
"REF_SFM_noAF","2040",3.38453522050532e-05,7.38486237914497e-05,4.04924215018864e-05,0.000241274427569842,6.61811343255416e-05,0.000168077049668562,2.452086871873e-05
"REF_SFM_noAF","2050",3.4358299394263e-05,7.35199804017626e-05,4.09539509323682e-05,0.000273724278265843,6.29761999923082e-05,0.000172151957100623,2.36723302602367e-05
"REF_SFM_noAF","2060",3.56312961490613e-05,7.18873674879343e-05,4.18881220195601e-05,0.000288004778479084,5.92532019231987e-05,0.000176881701523276,2.35150885183837e-05
"REF_SFM_noAF","2070",3.72364929421159e-05,7.12195364331138e-05,4.32838691853958e-05,0.00029852651215454,5.96703134942151e-05,0.000171800708424796,2.34939105685051e-05
"REF_SFM_noAF","2080",3.83673759133954e-05,7.11944040873476e-05,4.43120140282297e-05,0.00030450628055746,6.025062127862e-05,0.000158815650777896,2.3254108779396e-05
"REF_SFM_noAF","2090",3.94466344227396e-05,7.12924384567853e-05,4.53170681190645e-05,0.000297260907342223,6.08328034324377e-05,0.000152127079866637,2.29989156275227e-05
"REF_SFM_noAF","2100",4.02003980910179e-05,7.13832929708335e-05,4.60342840536324e-05,0.000288610740993685,6.15224140832557e-05,0.000153866770564223,2.26534686077276e-05
