Mitigation_scenario,Forest_use,Management_scenario,Region,2000,2010,2020,2030,2040,2050,2060,2070,2080,2090,2100,Category
REF,MFM,noAF,ANZ,0,0,0,0,0,0,0,0,0.020530518,0.018477467,0.01662972,Wood_EP_im
REF,MFM,noAF,ArgentinaReg,0,0,0,0,0,0.112062739,0.202514006,0.345307853,0.476049514,0.405517673,0.4911258,Wood_EP_im
REF,MFM,noAF,CanadaReg,0,0,0,0,0,0.375,0.7125,0.710275376,0.689802104,0.66458857,0.615348095,Wood_EP_im
REF,MFM,noAF,Former_USSR,0,0,0,0,0,0,0,0,0.194936014,0.167013913,0.637107907,Wood_EP_im
REF,MFM,noAF,IndonesiaReg,0,0,0,0,0.101491642,0.077498342,0.549885335,0.714851232,0.643366108,0.579029498,0.521126548,Wood_EP_im
REF,MFM,noAF,MalaysiaReg,0,0,0.059612731,0.074462231,1.688871056,4.782018088,6.411045624,6.429099823,6.382031402,6.402987023,6.420331105,Wood_EP_im
REF,MFM,noAF,MexicoReg,0,0,0,0,0,0,0.036133288,0.030179791,0.026579983,0.023921985,0.021529786,Wood_EP_im
REF,MFM,noAF,RCEU,0,0,0,0,0.01632,0.014688,0.018469923,0.016622931,0.031280638,0.028289149,0.041780234,Wood_EP_im
REF,MFM,noAF,RSAM,0,0,0,0,0,0.001927193,0.344873789,0.417379795,0.693929703,0.581359453,0.506979607,Wood_EP_im
REF,MFM,noAF,RSEA_PAC,0,0,0,0,4.729373382,12.54686975,14.23334896,15.23580399,15.50293668,15.42680101,15.27112467,Wood_EP_im
REF,MFM,noAF,SouthAfrReg,0,0,0,0.476043863,0.477846234,0.475758334,0.428182501,0.385364251,0.346827826,0.312647705,0.284940079,Wood_EP_im
REF,MFM,noAF,UkraineReg,0,0,0,0,0.833559484,2.090954648,2.511819056,2.660323286,2.716902059,2.726318067,2.812050966,Wood_EP_im
REF,MFM,AF0,ANZ,0,0,0,0,0,0.020530518,0.018477467,0.01662972,0.014966748,0.013470073,0.032653584,Wood_EP_im
REF,MFM,AF0,ArgentinaReg,0,0,0,0,0.058435679,0.173747886,0.487372215,0.566243669,0.626858157,0.555905419,0.510387156,Wood_EP_im
REF,MFM,AF0,CanadaReg,0,0,0,0,0,0,0.375,0.36567586,1.557198905,1.35146309,1.229993851,Wood_EP_im
REF,MFM,AF0,Former_USSR,0,0,0,0,0,0,1.321971646,1.274364223,1.023518087,2.929549169,4.011357634,Wood_EP_im
REF,MFM,AF0,IndonesiaReg,0,0,0,0.160239579,0.129377157,0.096436702,0.10113936,0.216665115,0.194998603,0.175498743,0.157948869,Wood_EP_im
REF,MFM,AF0,MalaysiaReg,0,0,0,0,1.655566295,4.184195798,6.224107694,6.293071696,6.287194979,6.348384713,6.403481033,Wood_EP_im
REF,MFM,AF0,MexicoReg,0,0,0,0,0,0,0.025016238,0.084221437,0.084221437,0.084221437,0.084221437,Wood_EP_im
REF,MFM,AF0,MidEastNorthAfr,0,0,0,0,0.001025,0.001025,0.002464772,0.006248966,0.006248966,0.006248966,0.006248966,Wood_EP_im
REF,MFM,AF0,RCEU,0,0,0,0,0,0,0,0.005429273,0.004886345,0.004397711,0.00395794,Wood_EP_im
REF,MFM,AF0,RSAM,0,0,0,0,0,0,0.512265043,0.805658032,0.624653835,0.529567945,0.47661115,Wood_EP_im
REF,MFM,AF0,RSEA_PAC,0,0,0,0,4.783632258,12.93918335,14.74515347,15.26449185,15.52912871,15.68787135,15.51342485,Wood_EP_im
REF,MFM,AF0,SouthAfrReg,0,0,0,0.657745131,0.659344055,0.952304111,0.974601289,0.87714116,0.793114939,0.713803445,0.740399358,Wood_EP_im
REF,MFM,AF0,UkraineReg,0,0,0,0,0.363820526,1.522641112,1.816274431,1.973911791,2.060374684,2.158835395,2.211712454,Wood_EP_im
REF,MFM,AF25,ANZ,0,0,0,0,0,0,0,0,0.020530518,0.018477467,0.01662972,Wood_EP_im
REF,MFM,AF25,ArgentinaReg,0,0,0,0,0.048189191,0.232451634,0.408099155,0.433925309,0.430326363,0.463654906,0.401880937,Wood_EP_im
REF,MFM,AF25,CanadaReg,0,0,0,0,0,0,0.375,1.266600766,1.20476894,1.16151483,1.056413856,Wood_EP_im
REF,MFM,AF25,Former_USSR,0,0,0,0.2034825,0.18313425,0.164820825,0.90719573,3.912333502,4.030545368,3.438996374,2.872009372,Wood_EP_im
REF,MFM,AF25,IndonesiaReg,0,0,0.0282,0.022638238,0.019171852,0.880687047,0.897537181,0.807783463,0.88654906,0.957438097,0.861694287,Wood_EP_im
REF,MFM,AF25,MalaysiaReg,0,0,0,0.19552139,1.598575286,4.450597263,6.065886864,5.852321205,5.849813235,5.72776015,5.798022699,Wood_EP_im
REF,MFM,AF25,MexicoReg,0,0,0,0,0,0,0.017272283,0.060425928,0.089105024,0.089105024,0.080194521,Wood_EP_im
REF,MFM,AF25,RCEU,0,0,0,0,0,0.01632,0.020307459,0.018276713,0.016449042,0.014804137,0.017942266,Wood_EP_im
REF,MFM,AF25,RSAM,0,0,0,0,0,0,0.022956254,0.213893389,0.170204296,0.144385495,0.129946945,Wood_EP_im
REF,MFM,AF25,RSEA_PAC,0,0,0,0,4.65222759,12.39193991,14.06790022,14.6939927,14.93606387,14.74413773,14.96424209,Wood_EP_im
REF,MFM,AF25,SouthAfrReg,0,0,0,0.447573829,0.388875405,0.54754245,0.500044547,0.536106152,0.568561597,0.597771497,0.537994347,Wood_EP_im
REF,MFM,AF25,UkraineReg,0,0,0,0,0.678698537,1.86515944,2.21872639,2.258358472,2.313488868,2.273215892,2.396352509,Wood_EP_im
REF,MFM,AF50,ANZ,0,0,0,0,0,0,0,0,0,0,0.020530518,Wood_EP_im
REF,MFM,AF50,ArgentinaReg,0,0,0.0046,0.003668145,0.003002204,0.152197944,0.372001761,0.570412899,0.626450829,0.624861329,0.659728966,Wood_EP_im
REF,MFM,AF50,CanadaReg,0,0,0,0,0,0.375,0.598831705,1.465386241,2.431981889,3.842346744,3.547387401,Wood_EP_im
REF,MFM,AF50,Former_USSR,0,0,0,0,0,0,0,2.612453897,2.261147752,1.888102,1.582939927,Wood_EP_im
REF,MFM,AF50,IndonesiaReg,0,0,0,0,0.051410521,0.751451285,0.782660973,0.704394876,0.633955388,0.57055985,0.513503865,Wood_EP_im
REF,MFM,AF50,MalaysiaReg,0,0,0,0,1.749473096,4.813904577,7.480317587,7.461535741,7.44574891,7.450669037,7.491674981,Wood_EP_im
REF,MFM,AF50,MexicoReg,0,0,0,0,0,0,0,0.055773839,0.089214525,0.089859745,0.08087377,Wood_EP_im
REF,MFM,AF50,RCEU,0,0,0,0,0,0,0,0,0,0.003476667,0.003129,Wood_EP_im
REF,MFM,AF50,RSAM,0,0,0,0,0,0,0.294703902,0.311682067,0.250380803,0.305582813,0.275024532,Wood_EP_im
REF,MFM,AF50,RSEA_PAC,0,0,0,0.948443237,5.314022434,13.23893507,15.17832806,15.87844606,16.15969285,16.26138951,16.10547116,Wood_EP_im
REF,MFM,AF50,SouthAfrReg,0,0,0,0.70359806,0.619188793,1.005598767,1.138621132,1.024759018,0.922283117,0.830054805,0.747049324,Wood_EP_im
REF,MFM,AF50,UkraineReg,0,0,0,0,0.624604538,2.098752053,2.555817375,2.673126103,2.739435907,2.732660306,2.817066063,Wood_EP_im
REF,MFM,AF75,ArgentinaReg,0,0,0.0046,0.024183747,0.086483884,0.186914949,0.563232876,0.717865035,0.749739187,0.763980685,0.687341424,Wood_EP_im
REF,MFM,AF75,CanadaReg,0,0,0,0,0,0,0.261331705,1.17290661,1.175936553,1.105234342,1.123248573,Wood_EP_im
REF,MFM,AF75,IndonesiaReg,0,0,0,0.160239579,0.130958818,0.112025562,0.116498856,0.106439564,0.095795607,0.234703146,0.211232831,Wood_EP_im
REF,MFM,AF75,MalaysiaReg,0,0,0,0.408374876,2.291706379,4.883386547,7.585863752,7.624226204,7.581517923,7.586672759,7.627276551,Wood_EP_im
REF,MFM,AF75,MexicoReg,0,0,0,0,0,0,0.022635809,0.091646573,0.199046576,0.179141918,0.161227726,Wood_EP_im
REF,MFM,AF75,RCEU,0,0,0,0,0,0,0,0,0,0.01632,0.031008,Wood_EP_im
REF,MFM,AF75,RSAM,0,0,0,0,0,0,0.632540061,0.716923832,0.664993105,0.583061571,0.518812837,Wood_EP_im
REF,MFM,AF75,RSEA_PAC,0,0,0,0,5.530331413,13.50769427,15.44044108,16.48373273,16.76088927,16.68750949,16.54824448,Wood_EP_im
REF,MFM,AF75,SouthAfrReg,0,0,0,0.370547983,0.326854109,0.626460214,0.568730411,0.51185737,0.460671633,0.41460447,0.373144023,Wood_EP_im
REF,MFM,AF75,UkraineReg,0,0,0,0,0.461695647,1.993115389,2.397944713,2.722230814,2.750099835,2.836458864,2.844002917,Wood_EP_im
REF,MFM,AF100,ArgentinaReg,0,0,0,0,0,0.13193069,0.439440636,0.711749404,0.883271797,0.814008366,0.86274965,Wood_EP_im
REF,MFM,AF100,CanadaReg,0,0,0,0,0,0,0.375,0.357297139,0.366505646,0.35158994,0.325424499,Wood_EP_im
REF,MFM,AF100,Former_USSR,0,0,0,0,0,0,0,0,0,0,3.962296246,Wood_EP_im
REF,MFM,AF100,IndonesiaReg,0,0,0,0,0,0.774329244,0.819276019,0.775934763,0.902462958,0.812216662,0.730079307,Wood_EP_im
REF,MFM,AF100,MalaysiaReg,0,0,0.059612731,0.066887498,1.834680822,4.753611028,7.642641773,8.858942103,8.872864043,8.761236195,8.87701378,Wood_EP_im
REF,MFM,AF100,MexicoReg,0,0,0,0,0,0,0.04948903,0.053308844,0.187843835,0.169059451,0.184631657,Wood_EP_im
REF,MFM,AF100,RCEU,0,0,0,0,0,0,0.007136882,0.022743194,0.020468875,0.019158397,0.017242557,Wood_EP_im
REF,MFM,AF100,RSAM,0,0,0,0,0,0,0.005286822,0.844322414,0.832392243,0.789744989,1.083197835,Wood_EP_im
REF,MFM,AF100,RSEA_PAC,0,0,0,0,5.51426194,13.65864374,15.7448801,16.79549662,17.53637307,17.5012308,17.80633154,Wood_EP_im
REF,MFM,AF100,SouthAfrReg,0,0,0,0.657781772,0.658067786,0.703161048,0.642782702,0.578504432,0.520653989,0.587995125,0.529195613,Wood_EP_im
REF,MFM,AF100,UkraineReg,0,0,0,0,0.738675094,2.051192047,2.417849359,2.738733306,2.784412292,2.775896588,2.813630458,Wood_EP_im
RCP,MFM,noAF,ANZ,0,0,0,0,0,0.020530518,0.018477467,0.012330715,0.011097644,0.011097644,0.023815545,Wood_EP_im
RCP,MFM,noAF,ArgentinaReg,0,0,0.0046,0.004604329,0.004843091,0.740414528,2.511433531,9.977297371,20.19664715,29.94149917,29.96612904,Wood_EP_im
RCP,MFM,noAF,CanadaReg,0,0,0,0,0,0,2.0625,4.418539245,4.670913654,4.543796634,4.31309106,Wood_EP_im
RCP,MFM,noAF,Former_USSR,0,0,0,0,0,0,0,0.251260479,3.899236184,3.241670103,3.423825761,Wood_EP_im
RCP,MFM,noAF,IndonesiaReg,0,0,0,0,0.178419189,1.541958409,18.47015128,40.93879405,45.79893457,51.1148476,51.17158295,Wood_EP_im
RCP,MFM,noAF,MalaysiaReg,0,0,0,0.128136812,2.981584344,11.21525225,21.98292102,22.08317146,32.93035779,42.86756643,48.47321098,Wood_EP_im
RCP,MFM,noAF,MexicoReg,0,0,0,0,0,0,0.015868796,0.006305228,0.019782961,0.00686754,0.005220375,Wood_EP_im
RCP,MFM,noAF,RCEU,0,0,0,0,0,0.007723323,0.013799849,0.057642792,0.057642792,0.057642792,0.057642792,Wood_EP_im
RCP,MFM,noAF,RSAM,0,0,0,0,0,0.196022819,0.088210269,0.048885141,1.195347511,11.11516112,44.33360266,Wood_EP_im
RCP,MFM,noAF,RSEA_PAC,0,0,0,0,9.825570862,24.00406468,23.26054266,22.3653611,21.27032809,21.27032809,25.22711497,Wood_EP_im
RCP,MFM,noAF,SouthAfrReg,0,0,0,0.09084134,0.297369448,0.282284542,0.523820813,0.634240165,0.721824126,1.115282326,1.144238495,Wood_EP_im
RCP,MFM,noAF,UkraineReg,0,0,0,0,1.574264311,5.486450392,6.114115219,6.694553534,8.19673024,8.470361357,8.611253625,Wood_EP_im
RCP,MFM,noAF,USAReg,0,0,0,0,0,0,0,7.899898185,11.11942163,10.50666188,10.9914496,Wood_EP_im
RCP,MFM,noAF,ROWE,0,0,0,0,0,0,0,0,0,0,0.005625188,Wood_EP_im
RCP,MFM,AF0,ANZ,0,0,0,0,0,0,0,0,0.003946003,0.003946003,0.003706237,Wood_EP_im
RCP,MFM,AF0,ArgentinaReg,0,0,0,0,0.053660012,0.808678481,2.146711646,7.799231415,16.00572216,23.18720572,23.27986702,Wood_EP_im
RCP,MFM,AF0,CanadaReg,0,0,0,0,0,0,0.166159282,3.205701585,3.428457354,3.488668817,3.436926357,Wood_EP_im
RCP,MFM,AF0,Former_USSR,0,0,0,0,0,0,0,0.148934791,3.051581061,2.804902727,2.964235207,Wood_EP_im
RCP,MFM,AF0,IndonesiaReg,0,0,0,0,0,2.019255814,12.15363452,33.32417644,38.84492003,43.62945981,43.8058286,Wood_EP_im
RCP,MFM,AF0,MalaysiaReg,0,0,0,0,2.943998165,10.89380819,20.87398401,20.87394118,31.60459588,40.45885654,43.88224138,Wood_EP_im
RCP,MFM,AF0,MexicoReg,0,0,0,0,0,0,0,0.013300927,0.005529789,0.002317228,0.001623674,Wood_EP_im
RCP,MFM,AF0,RCEU,0,0,0,0,0.021090101,0.018981091,0.017082982,0.042159107,0.042159107,0.042159107,0.042159107,Wood_EP_im
RCP,MFM,AF0,RSAM,0,0,0,0,0,0,0,0.199344044,1.241413969,10.22848622,42.91848217,Wood_EP_im
RCP,MFM,AF0,RSEA_PAC,0,0,0,0,10.22536894,22.15578389,20.98236154,21.56247137,20.42384207,20.42384207,22.24283159,Wood_EP_im
RCP,MFM,AF0,SouthAfrReg,0,0,0,0,0,0.17752642,0.466256843,0.644280438,0.745017551,1.068604395,1.083599615,Wood_EP_im
RCP,MFM,AF0,UkraineReg,0,0,0,0,1.726560128,5.110475368,5.822786168,6.315821852,7.286095563,7.51752391,7.639163911,Wood_EP_im
RCP,MFM,AF0,USAReg,0,0,0,0,0,0,0,6.525494544,10.67054731,10.26606422,9.981579879,Wood_EP_im
RCP,MFM,AF0,ROWE,0,0,0,0,0,0,0,0,0.029573507,0.029573507,0.026616157,Wood_EP_im
RCP,MFM,AF25,ArgentinaReg,0,0,0,0,0.08110454,0.813852177,2.295975923,9.256085037,19.63678727,29.08413527,29.12596382,Wood_EP_im
RCP,MFM,AF25,CanadaReg,0,0,0,0,0,0,0.154523895,3.753875298,4.324163164,4.628679242,4.739629596,Wood_EP_im
RCP,MFM,AF25,Former_USSR,0,0,0,0,0,0,1.02688986,2.084087637,5.059975619,5.180421144,4.66237903,Wood_EP_im
RCP,MFM,AF25,IndonesiaReg,0,0,0,0,0.14101568,0.12222728,13.788893,35.68792409,43.14745071,49.9653633,50.09500317,Wood_EP_im
RCP,MFM,AF25,MalaysiaReg,0,0,0.059612731,0.088793951,3.057302088,10.53356171,20.74154628,21.45725804,32.10913926,42.50433004,47.36993229,Wood_EP_im
RCP,MFM,AF25,RCEU,0,0,0,0,0,0,0,0.038960594,0.038960594,0.038960594,0.038960594,Wood_EP_im
RCP,MFM,AF25,RSAM,0,0,0,0,0,0.149418131,0.067238159,0.10137323,1.175397882,11.8713327,50.17986691,Wood_EP_im
RCP,MFM,AF25,RSEA_PAC,0,0,0,0,10.79600078,23.48345479,21.79332442,20.44165604,19.51373409,19.51373409,21.79893219,Wood_EP_im
RCP,MFM,AF25,SouthAfrReg,0,0,0,0,0.470527849,0.436144418,0.69881345,0.77257682,0.816008799,1.129360199,1.144882871,Wood_EP_im
RCP,MFM,AF25,UkraineReg,0,0,0,0,1.689648777,4.969584148,5.483754682,6.074796366,7.803108085,8.016996887,8.144070943,Wood_EP_im
RCP,MFM,AF25,USAReg,0,0,0,0,0,0,0,6.739021443,12.02846517,12.69763495,12.35791339,Wood_EP_im
RCP,MFM,AF25,ROWE,0,0,0,0,0,0,0,0,0,0.005144041,0.004629637,Wood_EP_im
RCP,MFM,AF50,ArgentinaReg,0,0,0,0,0,0.962492043,3.242305748,11.905962,26.19418417,40.22435099,41.44428228,Wood_EP_im
RCP,MFM,AF50,CanadaReg,0,0,0,0,0,0.375,1.160646616,4.80310326,4.81636752,5.051816315,4.925126504,Wood_EP_im
RCP,MFM,AF50,Former_USSR,0,0,0,0,0,0,0,0.557930496,3.977049117,4.860505383,4.374454845,Wood_EP_im
RCP,MFM,AF50,IndonesiaReg,0,0,0,0,0,0,14.68250386,38.34017312,43.73240197,50.36721034,50.70438186,Wood_EP_im
RCP,MFM,AF50,MalaysiaReg,0,0,0,0,2.866329357,11.41514726,22.42840558,24.1308731,38.9200293,51.0053247,56.47959824,Wood_EP_im
RCP,MFM,AF50,RCEU,0,0,0,0.005399531,0.021458831,0.019312948,0.017381653,0.035575434,0.035575434,0.035575434,0.035575434,Wood_EP_im
RCP,MFM,AF50,RSAM,0,0,0,0,0,0.13624442,0.061309989,0.080641734,1.485042019,14.91938238,55.72804161,Wood_EP_im
RCP,MFM,AF50,RSEA_PAC,0,0,0,0,9.952206727,24.67399211,23.4271561,22.23222912,21.67475304,21.67475304,26.58199144,Wood_EP_im
RCP,MFM,AF50,SouthAfrReg,0,0,0,0.095221019,0.484207154,0.463620688,0.650409811,0.770584651,0.873199117,1.236879235,1.249576821,Wood_EP_im
RCP,MFM,AF50,UkraineReg,0,0,0,0,1.844177203,5.44355401,5.721851837,6.299050573,8.411502409,8.737142802,8.854247339,Wood_EP_im
RCP,MFM,AF50,USAReg,0,0,0,0,0,0,0,5.539227306,11.30597527,11.80996556,12.00320559,Wood_EP_im
RCP,MFM,AF75,ArgentinaReg,0,0,0.0046,0.004453052,0.074086256,1.012184962,4.015241442,14.62957043,30.75831134,44.50627879,47.98098457,Wood_EP_im
RCP,MFM,AF75,CanadaReg,0,0,0,0,0.375,0.3375,0.964805598,4.573768909,4.758771038,5.115344023,4.792984396,Wood_EP_im
RCP,MFM,AF75,Former_USSR,0,0,0,0,0,0,0,0.731345202,4.93911115,4.371807073,4.582294997,Wood_EP_im
RCP,MFM,AF75,IndonesiaReg,0,0,0,0,0,2.39727142,17.41764457,39.88638645,45.59581127,53.41399976,53.61993122,Wood_EP_im
RCP,MFM,AF75,MalaysiaReg,0,0,0,0,2.870939922,11.13868161,23.57515296,25.79163487,40.26656745,52.35309883,59.64831095,Wood_EP_im
RCP,MFM,AF75,MexicoReg,0,0,0,0,0,0,0,0,0.015514739,0.006728964,0.003338933,Wood_EP_im
RCP,MFM,AF75,RCEU,0,0,0,0,0,0,0,0.020539733,0.020539733,0.020539733,0.020539733,Wood_EP_im
RCP,MFM,AF75,RSAM,0,0,0,0,0,0.260201275,0.301271565,0.194975782,1.859569306,16.76635529,62.16979898,Wood_EP_im
RCP,MFM,AF75,RSEA_PAC,0,0,0,1.210047084,11.30604216,26.42088329,24.59999468,23.57743549,23.00097619,23.00097619,27.7231813,Wood_EP_im
RCP,MFM,AF75,SouthAfrReg,0,0,0,0,0,0,0.477442752,0.792230416,0.87906462,1.285924172,1.313578803,Wood_EP_im
RCP,MFM,AF75,UkraineReg,0,0,0,0,1.80387551,5.501997465,5.774131413,6.368329853,8.333102901,8.590264927,8.878447056,Wood_EP_im
RCP,MFM,AF75,USAReg,0,0,0,0,0,0,0,9.467557588,13.72931816,12.95193843,13.5205435,Wood_EP_im
RCP,MFM,AF100,ArgentinaReg,0,0,0,0,0,0.875119715,4.961164228,17.79729323,41.07815146,62.96083343,65.16277023,Wood_EP_im
RCP,MFM,AF100,CanadaReg,0,0,0,0,0.261425541,0.235282987,0.271377755,4.357071783,4.86224283,5.195965031,5.133412208,Wood_EP_im
RCP,MFM,AF100,Former_USSR,0,0,0,0,0,0,0,1.84142931,6.502134939,5.665377358,5.33911345,Wood_EP_im
RCP,MFM,AF100,IndonesiaReg,0,0,0.0282,0.023294779,0.021667088,0.702127873,16.94876128,40.33299351,48.4794651,57.05039024,57.38825315,Wood_EP_im
RCP,MFM,AF100,MalaysiaReg,0,0,0,0,3.000024472,11.17082201,26.38359845,29.47709765,45.84992478,60.44434646,67.63250277,Wood_EP_im
RCP,MFM,AF100,MexicoReg,0,0,0,0,0,0,0,0.017758258,0.007018033,0.080435326,0.069926065,Wood_EP_im
RCP,MFM,AF100,RCEU,0,0,0,0,0,0,0,0.048968301,0.048968301,0.048968301,0.048968301,Wood_EP_im
RCP,MFM,AF100,RSAM,0,0,0,0,0,0,0,0,2.006830807,19.49503133,71.71459874,Wood_EP_im
RCP,MFM,AF100,RSEA_PAC,0,0,0,0,10.94389476,28.35173377,27.83615512,26.52567701,26.17016515,26.17016515,31.38900341,Wood_EP_im
RCP,MFM,AF100,SouthAfrReg,0,0,0,0,0.506342091,0.526099114,0.733845934,0.833255114,0.923505089,1.28520133,1.310289213,Wood_EP_im
RCP,MFM,AF100,UkraineReg,0,0,0,0,2.076152909,5.739350186,6.139427672,6.846161493,8.652947555,8.867390208,9.059314611,Wood_EP_im
RCP,MFM,AF100,USAReg,0,0,0,0,0,0,0.097512531,8.618622695,14.50803083,13.90273004,14.38709969,Wood_EP_im
REF,SFM,noAF,ArgentinaReg,0,0,0.0046,0.002732558,0.002559403,0.089025897,0.2775159,0.701596241,0.817489062,0.853833401,0.750309293,Wood_EP_im
REF,SFM,noAF,CanadaReg,0,0,0,0,0,0,0,1.066238179,2.302891542,2.391470543,2.217751603,Wood_EP_im
REF,SFM,noAF,Former_USSR,0,0,0,0,0,0,0,0,3.22450149,6.002858635,5.100081657,Wood_EP_im
REF,SFM,noAF,IndonesiaReg,0,0,0,0,0,0,0,0,0,0.164418754,0.147976878,Wood_EP_im
REF,SFM,noAF,MalaysiaReg,0,0,0,0,1.614416516,4.452566708,6.050695535,5.837463216,5.911337422,5.79672072,5.7243473,Wood_EP_im
REF,SFM,noAF,MexicoReg,0,0,0,0,0,0,0.048450163,0.0568433,0.052575492,0.047317943,0.042586149,Wood_EP_im
REF,SFM,noAF,RCEU,0,0,0,0,0,0,0,0,0,0,0.000523402,Wood_EP_im
REF,SFM,noAF,RSAM,0,0,0,0,0,0.007867687,0.01746193,0.777154671,1.171170818,0.983333714,0.856167267,Wood_EP_im
REF,SFM,noAF,RSEA_PAC,0,0,0,0,5.016110589,12.78777321,14.46503842,15.45464986,15.70479126,15.50436765,15.65755075,Wood_EP_im
REF,SFM,noAF,SouthAfrReg,0,0,0,0.103704177,0.090944186,0.358209365,0.322388428,0.290149585,0.342361958,0.308125762,0.277313186,Wood_EP_im
REF,SFM,noAF,UkraineReg,0,0,0,0,0.809187002,1.951077951,2.271765642,2.580090649,2.565822179,2.648780958,2.781302164,Wood_EP_im
REF,SFM,AF0,ANZ,0,0,0,0,0.020530518,0.018477467,0.01662972,0.035497266,0.03194754,0.049283304,0.044354974,Wood_EP_im
REF,SFM,AF0,ArgentinaReg,0,0,0,0,0,0.175697134,0.322694626,0.372633345,0.452751345,0.44906511,0.3911217,Wood_EP_im
REF,SFM,AF0,CanadaReg,0,0,0,0,0,0,0.261331705,0.255042604,1.143973041,2.452379645,2.22210393,Wood_EP_im
REF,SFM,AF0,Former_USSR,0,0,0,0,0,0.2034825,0.213571696,0.859325073,0.746226505,0.979405347,0.786636607,Wood_EP_im
REF,SFM,AF0,IndonesiaReg,0,0,0,0,0.081716189,0.062219563,0.063588668,0.057229801,0.206325115,0.340510898,0.306459808,Wood_EP_im
REF,SFM,AF0,MalaysiaReg,0,0,0.059612731,0.07714685,1.670938708,4.269663934,6.343175215,6.066727076,6.065851603,5.955167116,5.865758672,Wood_EP_im
REF,SFM,AF0,MexicoReg,0,0,0,0,0,0,0.020873751,0.013728368,0.010549588,0.022176915,0.032840904,Wood_EP_im
REF,SFM,AF0,RCEU,0,0,0,0.002329845,0.002096861,0.001887175,0.016187894,0.014569105,0.013112195,0.011800975,0.015134422,Wood_EP_im
REF,SFM,AF0,RSAM,0,0,0,0,0,0,0,0.360608077,0.528920249,0.487070007,0.438363007,Wood_EP_im
REF,SFM,AF0,RSEA_PAC,0,0,0,0.828146722,5.614708768,12.96219737,14.63642919,15.20658761,15.41770859,15.19194424,15.39826613,Wood_EP_im
REF,SFM,AF0,SouthAfrReg,0,0,0,0.502883773,0.438995541,0.794093212,0.750139654,0.76358954,0.69665421,0.626988789,0.56428991,Wood_EP_im
REF,SFM,AF0,UkraineReg,0,0,0,0,0.827111109,1.974876439,2.270477984,2.360384321,2.321654354,2.286469509,2.288825957,Wood_EP_im
REF,SFM,AF25,ANZ,0,0,0,0,0,0,0,0,0.020530518,0.018477467,0.01662972,Wood_EP_im
REF,SFM,AF25,ArgentinaReg,0,0,0,0,0,0.165021807,0.442965566,0.688438592,0.636991594,0.545094888,0.535094791,Wood_EP_im
REF,SFM,AF25,CanadaReg,0,0,0,0,0,0,0.375,0.366956795,0.352011549,0.33968566,1.505357098,Wood_EP_im
REF,SFM,AF25,Former_USSR,0,0,0,0,0,0,0,0,0,3.450869297,3.316567435,Wood_EP_im
REF,SFM,AF25,IndonesiaReg,0,0,0.0282,0.023027772,0.019472179,0.793868934,0.825520694,0.895027664,0.805524897,0.724972408,0.804534206,Wood_EP_im
REF,SFM,AF25,MalaysiaReg,0,0,0,0,1.775245649,4.458514205,6.868460701,6.936972391,6.945244294,7.004505801,7.059412981,Wood_EP_im
REF,SFM,AF25,MexicoReg,0,0,0,0,0,0,0,0.052782061,0.07962554,0.071662986,0.064496688,Wood_EP_im
REF,SFM,AF25,MidEastNorthAfr,0,0,0,0.002355182,0.002119663,0.002119663,0.004181054,0.010053995,0.010090247,0.010090247,0.011475853,Wood_EP_im
REF,SFM,AF25,RCEU,0,0,0,0,0,0,0,0.005267108,0.004740397,0.004266357,0.003839722,Wood_EP_im
REF,SFM,AF25,RSAM,0,0,0,0,0,0,0.093799497,0.105681435,0.0850226,0.188360115,0.169524104,Wood_EP_im
REF,SFM,AF25,RSEA_PAC,0,0,0,0,5.665219342,13.68558615,15.63661345,16.32163595,16.58795929,16.40799277,16.66621254,Wood_EP_im
REF,SFM,AF25,SouthAfrReg,0,0,0,0.274364603,0.241213529,0.365557305,0.511148278,0.569424099,0.512481689,0.461233521,0.415110168,Wood_EP_im
REF,SFM,AF25,UkraineReg,0,0,0,0,0.880991113,2.130024716,2.452142886,2.517628643,2.668920218,2.67378634,2.720347874,Wood_EP_im
REF,SFM,AF25,USAReg,0,0,0,0,0,0,0,0,0.300331696,0.270298526,0.243268674,Wood_EP_im
REF,SFM,AF50,ANZ,0,0,0,0,0.020530518,0.018477467,0.01662972,0.014966748,0.013470073,0.012123066,0.010910759,Wood_EP_im
REF,SFM,AF50,ArgentinaReg,0,0,0,0,0,0.249683214,0.597689197,0.94815097,1.114413284,1.175542521,1.274452876,Wood_EP_im
REF,SFM,AF50,CanadaReg,0,0,0,0,0.375,0.3375,0.30375,0.301249022,1.02338976,0.962071834,0.903430073,Wood_EP_im
REF,SFM,AF50,Former_USSR,0,0,0,0,0.2034825,0.18313425,0.212258459,2.581012661,6.046801894,5.55593577,4.740998247,Wood_EP_im
REF,SFM,AF50,IndonesiaReg,0,0,0.0282,0.022946304,0.020095989,0.015328688,0.015738442,0.014653987,0.013188589,0.226145266,0.203530739,Wood_EP_im
REF,SFM,AF50,MalaysiaReg,0,0,0,0.226514031,1.930367242,5.158841546,7.925084625,8.59281826,8.605967234,8.619640031,8.631945547,Wood_EP_im
REF,SFM,AF50,MexicoReg,0,0,0,0,0,0,0.050621626,0.218439532,0.381887975,0.343699178,0.347518057,Wood_EP_im
REF,SFM,AF50,RCEU,0,0,0,0,0,0.01632,0.014950642,0.013455578,0.01211002,0.010899018,0.009809116,Wood_EP_im
REF,SFM,AF50,RSAM,0,0,0,0,0,0,0,0.916204879,1.410477016,1.267387163,1.06227173,Wood_EP_im
REF,SFM,AF50,RSEA_PAC,0,0,0,0.828146722,5.475151098,13.23072014,14.99799876,16.06267428,16.81431933,16.58524219,16.84429783,Wood_EP_im
REF,SFM,AF50,SouthAfrReg,0,0,0,0,0,0.334939057,0.350609644,0.407548908,0.366794018,0.422114844,0.37990336,Wood_EP_im
REF,SFM,AF50,UkraineReg,0,0,0,0,0.855161385,2.1282893,2.544788246,2.728888744,2.83706449,2.853875103,2.808164771,Wood_EP_im
REF,SFM,AF75,ArgentinaReg,0,0,0,0,0.036114279,0.138541697,0.35072689,1.087384841,1.794606529,3.442347892,5.618086018,Wood_EP_im
REF,SFM,AF75,CanadaReg,0,0,0,0,0,0,0,1.495962333,3.956969792,4.937360732,4.496973617,Wood_EP_im
REF,SFM,AF75,Former_USSR,0,0,0,0,0,0,1.139514846,1.198570992,1.103976234,0.999702217,1.724801471,Wood_EP_im
REF,SFM,AF75,IndonesiaReg,0,0,0,0,0,0,0,0.148157214,0.713194144,0.653702605,0.599447101,Wood_EP_im
REF,SFM,AF75,MalaysiaReg,0,0,0.059612731,0.151000839,2.30130876,6.143122292,9.91693534,13.41913724,14.52448459,15.76972999,17.5207304,Wood_EP_im
REF,SFM,AF75,MexicoReg,0,0,0,0,0,0,0.085180928,0.231967751,0.198966182,0.249726491,0.29541077,Wood_EP_im
REF,SFM,AF75,RCEU,0,0,0,0,0,0,0,0,0.008278353,0.007450517,0.006705466,Wood_EP_im
REF,SFM,AF75,RSAM,0,0,0,0,0,0,0.056825322,0.399036041,0.368519124,1.294126981,2.316332353,Wood_EP_im
REF,SFM,AF75,RSEA_PAC,0,0,0,1.046146126,5.859144936,13.83442827,16.87366793,18.22195621,19.3744563,20.29733449,21.07070389,Wood_EP_im
REF,SFM,AF75,SouthAfrReg,0,0,0,0,0,0.757581019,0.691183722,0.62206535,0.702491297,0.632242167,0.569017951,Wood_EP_im
REF,SFM,AF75,UkraineReg,0,0,0,0,0.564977972,2.296767468,2.6625365,2.850198287,2.963631652,2.972624129,2.939495391,Wood_EP_im
REF,SFM,AF100,ArgentinaReg,0,0,0,0,0,0.116077426,0.506299095,1.852081452,4.057321886,6.792265209,9.599875561,Wood_EP_im
REF,SFM,AF100,CanadaReg,0,0,0,0,0,0,0,1.900699345,2.40742609,4.878915638,4.477742713,Wood_EP_im
REF,SFM,AF100,Former_USSR,0,0,0,0,0,0,0,3.701758666,3.559988483,8.537680199,10.1240517,Wood_EP_im
REF,SFM,AF100,IndonesiaReg,0,0,0,0,0,0.889442946,1.136149224,1.10577044,2.070031698,2.694138992,2.451068716,Wood_EP_im
REF,SFM,AF100,MalaysiaReg,0,0,0,0.380554938,2.489843277,6.448722719,10.27151631,13.3774457,15.48369487,16.99549084,18.36131433,Wood_EP_im
REF,SFM,AF100,MexicoReg,0,0,0,0,0,0,0.068042592,0.506956818,0.47215793,0.540719211,0.486647289,Wood_EP_im
REF,SFM,AF100,RCEU,0,0,0,0,0.01632,0.014688,0.020391052,0.018737015,0.016863313,0.015176982,0.013659284,Wood_EP_im
REF,SFM,AF100,RSAM,0,0,0,0,0,0,0.631592559,0.913929306,3.271915134,4.718673587,8.040427305,Wood_EP_im
REF,SFM,AF100,RSEA_PAC,0,0,0,0.222342961,6.791185553,15.30270541,21.61484813,26.00987565,27.61914757,28.13185724,28.99417225,Wood_EP_im
REF,SFM,AF100,SouthAfrReg,0,0,0,0.313595102,0.281939392,0.848042946,1.010183431,1.066157127,0.959541415,0.863587273,0.777228546,Wood_EP_im
REF,SFM,AF100,UkraineReg,0,0,0,0,1.142981886,2.773521118,3.216888709,3.546590816,3.648327666,3.733601239,3.792091066,Wood_EP_im
RCP,SFM,noAF,ArgentinaReg,0,0,0,0,0,0.740804974,2.491648876,9.982958931,20.19372698,29.91873819,29.99507709,Wood_EP_im
RCP,SFM,noAF,CanadaReg,0,0,0,0,0,0,0.635556657,3.876056356,4.106418187,4.222050058,4.146928681,Wood_EP_im
RCP,SFM,noAF,Former_USSR,0,0,0,0,0,0,0,0.597512712,3.712556302,4.288003481,3.859203133,Wood_EP_im
RCP,SFM,noAF,IndonesiaReg,0,0,0.0282,0.023294779,0.021400071,0.0184896,17.2233458,40.08521507,45.3767166,50.84077868,50.98936829,Wood_EP_im
RCP,SFM,noAF,MalaysiaReg,0,0,0,0.128136812,2.979352259,11.31679916,22.0633544,22.13499814,32.98643674,42.92653827,48.54350952,Wood_EP_im
RCP,SFM,noAF,MexicoReg,0,0,0,0,0,0,0,0,0,0,0.029453422,Wood_EP_im
RCP,SFM,noAF,RCEU,0,0,0,0.005399531,0.004859578,0.00437362,0.003936258,0.014046607,0.014046607,0.014046607,0.014046607,Wood_EP_im
RCP,SFM,noAF,RSAM,0,0,0,0,0,0.164688119,0.074109653,0.041070738,1.147421367,11.1471059,43.97044663,Wood_EP_im
RCP,SFM,noAF,RSEA_PAC,0,0,0,0.202029521,10.05640456,24.16259051,22.19770666,20.42895429,20.95074439,20.95074439,24.31006666,Wood_EP_im
RCP,SFM,noAF,SouthAfrReg,0,0,0,0,0.418013867,0.647290406,0.689284043,0.705141908,0.756072333,1.138206513,1.158669457,Wood_EP_im
RCP,SFM,noAF,UkraineReg,0,0,0,0,1.702323118,5.377408172,5.719762329,6.236780931,7.935418541,8.216662573,8.483663979,Wood_EP_im
RCP,SFM,noAF,USAReg,0,0,0,0,0,0,0,7.896597955,12.11610329,11.99277954,10.79350159,Wood_EP_im
RCP,SFM,AF0,ANZ,0,0,0,0,0.020530518,0.018477467,0.01662972,0.011097644,0.00998788,0.00998788,0.009333812,Wood_EP_im
RCP,SFM,AF0,ArgentinaReg,0,0,0.0046,0.004453052,0.004534206,0.768366302,2.43649281,8.295413551,15.77247103,23.26184986,23.26757927,Wood_EP_im
RCP,SFM,AF0,CanadaReg,0,0,0,0,0,0,1.109383048,3.713166439,4.356479684,4.468632284,4.19853934,Wood_EP_im
RCP,SFM,AF0,Former_USSR,0,0,0,0,0,0,1.11915375,1.809022921,3.99306391,3.227525943,2.904773348,Wood_EP_im
RCP,SFM,AF0,IndonesiaReg,0,0,0,0,0,0,13.2364022,33.27716371,37.45326107,40.01319204,40.18078659,Wood_EP_im
RCP,SFM,AF0,MalaysiaReg,0,0,0,0.556446966,3.297322423,10.43572773,20.75180678,20.73796348,31.17749724,40.36119208,44.07734049,Wood_EP_im
RCP,SFM,AF0,RCEU,0,0,0,0,0,0.006107298,0.005496568,0.015013707,0.015013707,0.015013707,0.015013707,Wood_EP_im
RCP,SFM,AF0,RSAM,0,0,0,0,0,0.105316599,0.04739247,0.030186964,0.888468699,9.989632473,37.4126323,Wood_EP_im
RCP,SFM,AF0,RSEA_PAC,0,0,0,1.102817457,10.28098677,21.90086556,22.22911001,20.64486549,19.49303713,19.49303713,24.4933746,Wood_EP_im
RCP,SFM,AF0,SouthAfrReg,0,0,0,0.475776998,0.30305765,0.471688263,0.623886361,0.660382189,0.707775677,1.038847543,1.04877763,Wood_EP_im
RCP,SFM,AF0,UkraineReg,0,0,0,0,1.73836791,5.184968427,5.490707568,6.132967832,7.460430741,7.701140293,7.874805605,Wood_EP_im
RCP,SFM,AF0,USAReg,0,0,0,0,0,0,0,5.963323455,10.94792926,10.9122737,10.70093466,Wood_EP_im
RCP,SFM,AF25,ArgentinaReg,0,0,0.0046,0.004453052,0.004725779,1.037227972,3.347497855,11.81300586,25.2170883,37.43839686,37.98863278,Wood_EP_im
RCP,SFM,AF25,CanadaReg,0,0,0,0,0.375,0.3375,2.214375,4.938376396,5.472863152,5.318815899,5.383303774,Wood_EP_im
RCP,SFM,AF25,Former_USSR,0,0,0,0,0,0,0,1.745600264,5.71195952,4.545334001,4.090800601,Wood_EP_im
RCP,SFM,AF25,IndonesiaReg,0,0,0,0,0,2.514819344,18.38350718,40.15364911,44.76370688,52.1334565,52.33260621,Wood_EP_im
RCP,SFM,AF25,MalaysiaReg,0,0,0,0.602097405,3.753656835,11.49413645,22.0633621,23.99298245,38.49876387,50.31631134,55.60632591,Wood_EP_im
RCP,SFM,AF25,RCEU,0,0,0,0,0,0,0,0.026663147,0.026663147,0.026663147,0.026663147,Wood_EP_im
RCP,SFM,AF25,RSAM,0,0,0,0,0,0.266593904,0.119967257,0.124369088,1.436235449,15.44059317,56.35170518,Wood_EP_im
RCP,SFM,AF25,RSEA_PAC,0,0,0,0.860460192,11.17181066,26.5254818,24.48404337,23.06561772,23.83171794,23.83171794,28.86978979,Wood_EP_im
RCP,SFM,AF25,SouthAfrReg,0,0,0,0.506582913,0.761350409,1.050674956,0.973308144,0.983874891,1.000815371,1.436241077,1.440653008,Wood_EP_im
RCP,SFM,AF25,UkraineReg,0,0,0,0,2.110753447,5.66729836,6.262959963,6.67465117,8.31518388,8.499866074,8.755101656,Wood_EP_im
RCP,SFM,AF25,USAReg,0,0,0,0,0,0,0,8.079720237,12.57558704,12.36020451,12.83555409,Wood_EP_im
RCP,SFM,AF50,ANZ,0,0,0,0,0,0,0,0.035695389,0.03212585,0.03212585,0.029104373,Wood_EP_im
RCP,SFM,AF50,ArgentinaReg,0,0,0,0,0,1.032843295,5.54130872,19.11288891,41.88382362,62.49494611,64.7296337,Wood_EP_im
RCP,SFM,AF50,CanadaReg,0,0,0,0,0.375,0.59811454,0.347679914,4.595271984,5.356761481,5.686041486,5.309873422,Wood_EP_im
RCP,SFM,AF50,Former_USSR,0,0,0,0,0.2034825,0.18313425,0.212174014,0.313127904,4.566444648,4.899666919,4.409700227,Wood_EP_im
RCP,SFM,AF50,IndonesiaReg,0,0,0,0,0,2.520704394,20.1203332,41.55114727,48.51062462,59.39944221,59.47506289,Wood_EP_im
RCP,SFM,AF50,MalaysiaReg,0,0,0,0,3.076834675,11.90179988,26.09115008,28.52697817,44.557895,59.66677982,68.09970872,Wood_EP_im
RCP,SFM,AF50,MexicoReg,0,0,0,0,0,0,0,0,0,0,0.063259458,Wood_EP_im
RCP,SFM,AF50,RCEU,0,0,0,0,0.007218138,0.013452264,0.012107037,0.036491651,0.036491651,0.036491651,0.036491651,Wood_EP_im
RCP,SFM,AF50,RSAM,0,0,0,0,0,0,0,0.123943018,1.586678599,18.03556492,71.28094102,Wood_EP_im
RCP,SFM,AF50,RSEA_PAC,0,0,0,0.986373424,12.93495078,30.59052408,28.42371877,27.16891306,27.39841629,27.39841629,33.02917005,Wood_EP_im
RCP,SFM,AF50,SouthAfrReg,0,0,0,0,0.524934155,0.50611699,0.84730407,0.971656657,1.054119178,1.472367339,1.480873827,Wood_EP_im
RCP,SFM,AF50,UkraineReg,0,0,0,0,1.95715418,5.774639413,6.526611022,7.056365752,8.975939796,9.206060705,9.433098231,Wood_EP_im
RCP,SFM,AF50,USAReg,0,0,0,0,0,0,0,8.607817631,13.01043558,12.72914041,13.17193631,Wood_EP_im
RCP,SFM,AF75,ANZ,0,0,0,0,0.020530518,0.018477467,0.01662972,0.010839844,0.00975586,0.00975586,0.008872633,Wood_EP_im
RCP,SFM,AF75,ArgentinaReg,0,0,0,0,0.065044931,0.9677862,7.510780802,27.3397718,59.17255285,85.25330669,85.42229967,Wood_EP_im
RCP,SFM,AF75,CanadaReg,0,0,0,0,0,0,1.641861589,8.68810474,9.638638531,9.831388055,9.140512451,Wood_EP_im
RCP,SFM,AF75,Former_USSR,0,0,0,0,0,0,0,3.05326765,8.828164157,8.544101149,8.148947875,Wood_EP_im
RCP,SFM,AF75,IndonesiaReg,0,0,0.0282,0.185296927,0.174839179,0.149608663,17.56701832,42.1268183,52.19404093,60.92081339,61.32382471,Wood_EP_im
RCP,SFM,AF75,MalaysiaReg,0,0,0,0.650608666,4.075504935,13.7059735,27.42576268,31.86963228,49.1506437,63.8224933,64.01086863,Wood_EP_im
RCP,SFM,AF75,MexicoReg,0,0,0,0,0,0.053044646,0.023870091,0.00936017,0.003466089,0.165099738,0.167750542,Wood_EP_im
RCP,SFM,AF75,MidEastNorthAfr,0,0,0,0,0.001410389,0.001410389,0.010508217,0.07829232,0.212180009,0.212180009,0.212180009,Wood_EP_im
RCP,SFM,AF75,RCEU,0,0,0,0.009239765,0.008315788,0.01278223,0.011504007,0.051399469,0.051399469,0.051399469,0.051399469,Wood_EP_im
RCP,SFM,AF75,RSAM,0,0,0,0,0.066224051,0.069794052,0.031407324,0.15546253,3.314634948,32.01092796,109.3960025,Wood_EP_im
RCP,SFM,AF75,RSEA_PAC,0,0,0,0,13.99143632,34.22987204,33.89776899,31.60033623,31.10338175,31.10338175,34.6201079,Wood_EP_im
RCP,SFM,AF75,SouthAfrReg,0,0,0,0,0.673849902,0.806964677,1.183280915,1.419347442,1.519649733,1.548944278,1.562908971,Wood_EP_im
RCP,SFM,AF75,UkraineReg,0,0,0,0,2.298592822,6.789641497,7.023955544,7.647468678,9.637809641,9.805415003,10.06272276,Wood_EP_im
RCP,SFM,AF75,USAReg,0,0,0,0,0,0,0,6.696345719,13.27169679,14.80887182,15.03030168,Wood_EP_im
RCP,SFM,AF75,ROWE,0,0,0,0,0,0,0,0,0.006115857,0.008587248,0.014997873,Wood_EP_im
RCP,SFM,AF100,ANZ,0,0,0,0,0.020530518,0.018477467,0.01662972,0.010839844,0.00975586,0.00975586,0.008838309,Wood_EP_im
RCP,SFM,AF100,ArgentinaReg,0,0,0.0046,0.00466915,0.005760829,0.907745588,8.0732209,31.60563285,67.91735306,94.44920603,94.599599,Wood_EP_im
RCP,SFM,AF100,CanadaReg,0,0,0,0,0,0.375,2.619867625,11.76576192,11.44020298,12.33556824,12.39406894,Wood_EP_im
RCP,SFM,AF100,Former_USSR,0,0,0,0,0,0,0,4.372163845,12.61040265,12.37717476,12.89538718,Wood_EP_im
RCP,SFM,AF100,IndonesiaReg,0,0,0,0.161947795,0.154043406,1.05414232,21.80041626,45.89092295,56.37905224,64.56947941,64.80293395,Wood_EP_im
RCP,SFM,AF100,MalaysiaReg,0,0,0,0.651503668,4.308120743,17.22054998,31.45861866,35.73611841,53.11461999,67.01841505,67.2264715,Wood_EP_im
RCP,SFM,AF100,MexicoReg,0,0,0,0,0,0,0,0,0.053409751,0.017123667,0.013407931,Wood_EP_im
RCP,SFM,AF100,RCEU,0,0,0,0.000638609,0.000574748,0.000517273,0.000465546,0.041773324,0.041773324,0.041773324,0.041773324,Wood_EP_im
RCP,SFM,AF100,RSAM,0,0,0,0,0,0.310018894,0.158413597,0.827418538,5.932713541,43.98311606,124.2317784,Wood_EP_im
RCP,SFM,AF100,RSEA_PAC,0,0,0,0.257820344,13.48638258,35.79543692,36.54327026,36.42257181,35.07705801,35.07705801,40.13804212,Wood_EP_im
RCP,SFM,AF100,SouthAfrReg,0,0,0,0,0.179531369,0.703436713,1.395226411,1.628294445,1.800705729,1.831412457,1.847163139,Wood_EP_im
RCP,SFM,AF100,UkraineReg,0,0,0,0,2.405673098,7.062145131,7.365582423,8.211348157,10.02382965,10.25606887,10.50132111,Wood_EP_im
RCP,SFM,AF100,USAReg,0,0,0,0,0,0,0,8.753845206,14.4788569,16.78067021,15.00502993,Wood_EP_im
RCP,SFM,AF100,ROWE,0,0,0,0,0,0,0,0,0,0.003900114,0.01081846,Wood_EP_im
