"Ecoregion","A_org","Area","Share"
"AA0101",0.117209776,0.003169706,0.0263309489901277
"AA0102",0.469779625,0.012340476,0.0255962694241616
"AA0103",0.197805441,0.02190031,0.0996801854312862
"AA0104",0.835786237,0.002908719,0.00346814891301194
"AA0105",14.96133455,2.060413779,0.121045954808865
"AA0106",2.340715617,0.009811753,0.00417427728144259
"AA0107",1.541317703,0.013111647,0.00843502279469955
"AA0108",0.102668618,0.046081563,0.309791643211513
"AA0110",0.01646733,0.000122958,0.00741144457528405
"AA0111",2.745163532,0.066773001,0.0237462688849386
"AA0112",1.170059052,0.02182096,0.0183080174013355
"AA0113",1.246365809,0,0
"AA0115",11.79090782,1.211643939,0.0931850887008648
"AA0116",1.997948548,0.253852654,0.112733155029198
"AA0117",3.16579726,0,0
"AA0118",1.678926353,0.00607614,0.0036060124689679
"AA0119",3.150493373,0.009299137,0.00294295811214515
"AA0120",7.018949769,0.299260667,0.0408926020394093
"AA0121",8.158464953,1.192126442,0.127492090247624
"AA0122",10.15748817,1.799585522,0.150503841354096
"AA0123",10.45959629,0.074428599,0.00706554235292542
"AA0124",7.58253478,0.039926108,0.00523795511536904
"AA0125",0.304586701,0.001519875,0.00496518245331652
"AA0126",0.710147707,0,0
"AA0127",1.801009366,0.191636841,0.0961720351193281
"AA0128",5.958159549,0.790859093,0.117181346644738
"AA0201",3.409827714,0.001542718,0.000452228226383361
"AA0202",0.354054137,0,0
"AA0203",0.966497684,0.001117416,0.00115481455384481
"AA0204",3.144794912,0.002633635,0.0008367576771553
"AA0401",0,0,NA
"AA0402",23.96273313,0.000629954,2.62882132942605e-05
"AA0403",0.929943798,0,0
"AA0404",1.346658297,0,0
"AA0405",8.111869205,0,0
"AA0406",2.571412902,0,0
"AA0407",0.115403648,0,0
"AA0408",1.200153249,0,0
"AA0409",28.09846488,0.000401158,1.42766615370701e-05
"AA0410",1.112425673,0,0
"AA0411",1.985012076,0,0
"AA0412",1.760770217,0,0
"AA0413",3.241074876,0,0
"AA0414",0.435272489,0,0
"AA0701",14.50045798,0.000278581,1.92115068657442e-05
"AA0702",34.58986075,0.000760614,2.19890239032134e-05
"AA0703",11.39930373,0,0
"AA0704",35.08104039,0.254952627,0.00721509727708355
"AA0705",12.88262033,0.001236129,9.59440214142175e-05
"AA0706",33.63870508,0.004934767,0.000146677559932328
"AA0707",44.02861643,0.606796024,0.0135944979700893
"AA0708",2.542321837,0.052672694,0.0202978053983421
"AA0709",22.38001034,0.013486482,0.000602249934755634
"AA0801",5.02425939,0,0
"AA0802",24.07815201,0.396702279,0.0162085655062835
"AA0803",31.99439807,0.172933751,0.00537606761923296
"AA1001",1.29189745,0,0
"AA1002",1.275358586,0.258763589,0.168672087019406
"AA1003",3.596466671,0,0
"AA1201",13.0746564,0.011502512,0.000878983059685467
"AA1202",11.08414948,0.02557113,0.00230168974519333
"AA1203",5.722465083,0.012511193,0.00218155967834731
"AA1204",1.039962422,0.000903245,0.000867782489745624
"AA1205",1.571345897,0.004329968,0.00274800680532097
"AA1206",2.327523039,0.00371817,0.00159493148355718
"AA1207",18.95743661,0.174882817,0.00914070129694788
"AA1208",2.639820981,0.001507252,0.000570641687454374
"AA1209",16.11059415,0.011886853,0.000737284354547426
"AA1210",4.727703465,0.002484324,0.000525206209735958
"AA1301",8.470236007,0.039630786,0.00465703952412032
"AA1302",27.48077803,0.020729827,0.000753770560792128
"AA1303",15.3411675,0.001196663,7.79973012820215e-05
"AA1304",79.75141844,0.063677071,0.000797807364538255
"AA1305",41.45039462,0.021989085,0.000530210299856696
"AA1306",19.24413615,0.016703269,0.000867213969061127
"AA1307",17.68760896,0.014129868,0.000798219210965302
"AA1308",29.97086772,2.693739301,0.0824666067241587
"AA1309",24.78665481,0.437039445,0.0173265438671168
"AA1310",44.24045236,0.016094854,0.000363671705390261
"AA1401",1.442203693,0.402069548,0.218009749890418
"AT0101",10.45933875,0.026600034,0.00253673367239066
"AT0102",18.74294117,0.054253642,0.00288626268667306
"AT0103",4.157449748,0.010885498,0.0026114737317364
"AT0104",36.50758195,4.013848966,0.0990549661072092
"AT0105",0.109013787,0,0
"AT0106",2.073780778,0.094906931,0.0437623778684864
"AT0107",5.421387291,0.058056283,0.0105952880463041
"AT0108",6.93716261,0.006880605,0.000990864369210294
"AT0109",2.502631673,0,0
"AT0110",6.687639386,1.854542194,0.217104047324641
"AT0111",18.80476026,0.011979475,0.000636639246155785
"AT0112",25.00942831,0.016248016,0.000649253821888498
"AT0114",3.248056951,0.008929496,0.00274164358535324
"AT0115",0.264816252,0,0
"AT0116",1.825093521,0,0
"AT0117",10.92741725,0,0
"AT0118",19.75315111,0.026715481,0.00135064010048257
"AT0119",3.146264513,0,0
"AT0120",0.130520303,0,0
"AT0121",0.129513351,0.002051392,0.0155922624346251
"AT0122",1.447266662,0.108590532,0.0697946652294105
"AT0123",6.99264345,0.102235002,0.0144096904114236
"AT0124",52.39805813,0.694305311,0.0130773102947576
"AT0125",11.54225277,0.008068169,0.000698523360745552
"AT0126",42.01052526,1.617377995,0.0370721000628111
"AT0127",0.004497591,0,0
"AT0128",15.22951091,0.396261293,0.0253594694618626
"AT0129",7.304645575,4.342340646,0.372829551233656
"AT0130",20.76042371,0.217929073,0.0103882833535243
"AT0201",0.308219479,0,0
"AT0202",14.5148261,0.130533006,0.00891292627618277
"AT0203",3.992098985,0.115173519,0.0280413629453207
"AT0701",70.46188055,0.32321383,0.00456612840359965
"AT0702",11.12255733,0,0
"AT0704",119.7389114,1.132588413,0.00937018581511957
"AT0705",94.05402354,0.516334744,0.00545979473239827
"AT0706",50.87714609,0.547600458,0.0106485786466418
"AT0707",66.76226175,0.686828019,0.010182910123061
"AT0708",0.795060838,0.00402933,0.00504239716787505
"AT0709",33.10341875,0.04651604,0.00140320155362815
"AT0710",0.735100216,0.006386092,0.00861255552678392
"AT0711",32.59851104,0.004281515,0.000131323566617099
"AT0712",73.73887233,0.485276377,0.00653798508239723
"AT0713",187.0620669,1.061895118,0.00564465635642097
"AT0714",1.750137341,0.000232119,0.000132611431645979
"AT0715",93.76965353,0.019557171,0.000208522609944424
"AT0716",22.72553871,0.009800762,0.00043108052167289
"AT0717",22.90560365,6.72e-06,2.93377905737947e-07
"AT0718",57.45265942,0.146759125,0.0025479271962675
"AT0719",42.77280788,0.124032679,0.00289141758189409
"AT0721",15.90563285,0.13166107,0.0082096811754386
"AT0722",163.8577059,0.106837391,0.00065158837914358
"AT0723",42.99605027,0.008705466,0.000202430309183515
"AT0724",3.483600384,0.117258742,0.0325641014815974
"AT0725",48.51113113,0.648322555,0.0131881562222857
"AT0726",26.6864846,0.283098435,0.010496952608893
"AT0801",0.561435905,0.00556296,0.00981123657099384
"AT0901",0.207623336,1.25e-06,6.02048160134561e-06
"AT0902",0.648644514,0,0
"AT0903",3.539267508,0.019183521,0.00539097513037603
"AT0904",0.672330675,0.003590429,0.00531190545575864
"AT0905",15.63036334,2.308933128,0.128708120305535
"AT0906",1.466935647,0.583014745,0.284404318892415
"AT0907",14.77890607,0.664799064,0.043046604311061
"AT0908",2.860365339,0,0
"AT1001",2.770619384,0.001288694,0.000464912242302719
"AT1002",7.520972401,0.087275484,0.0114711672541674
"AT1003",1.224553233,0,0
"AT1004",20.50929824,0.001795993,8.75620276323656e-05
"AT1005",0.325834888,5.78e-05,0.000177358996161338
"AT1006",0.870519712,0.001815449,0.00208113702297505
"AT1007",26.84233875,0.010126903,0.000377131215094529
"AT1008",2.870605463,0.000112196,3.90829100341003e-05
"AT1009",18.54883553,0.023487698,0.00126466127644114
"AT1010",1.346666957,0,0
"AT1011",0.126684201,0,0
"AT1012",2.116925304,0,0
"AT1013",0.270666911,0.000155317,0.000573501669885088
"AT1014",1.140301971,0.0040904,0.00357429855673164
"AT1015",3.481463036,0,0
"AT1201",1.44115026,0,0
"AT1202",3.072591727,0,0
"AT1203",3.355458507,0,0
"AT1302",1.834269747,0.003654138,0.00198818788407007
"AT1303",0.427878085,6.82e-05,0.000159365795172167
"AT1304",0.139276586,0.001311702,0.00933009441014034
"AT1305",5.151666705,0.060946949,0.0116922053015057
"AT1306",1.344088633,0.009170815,0.00677683426748187
"AT1307",2.000024603,0,0
"AT1309",57.11389893,0.004162425,7.28740594700809e-05
"AT1310",1.115012516,0.001482205,0.00132755217926373
"AT1311",4.149486669,0.005201408,0.00125193706569563
"AT1312",7.863682085,0.021846661,0.00277047509478447
"AT1313",9.878232355,7.16e-06,7.24825510570747e-07
"AT1314",31.8517702,0.000457052,1.43491378604082e-05
"AT1315",2.273093398,7.56e-05,3.32575360945513e-05
"AT1316",11.55623694,0.001883424,0.000162952447343107
"AT1318",0.283306466,0,0
"AT1319",2.467830612,0,0
"AT1320",8.289408202,0.013130475,0.00158150121436646
"AT1321",3.591583102,0.002432373,0.000676784231153039
"AT1322",6.256002869,0,0
"AT1401",2.417853004,0.134312792,0.0526269853669021
"AT1402",1.010170144,0.185002924,0.154791744353463
"AT1403",1.641520722,0.240165029,0.127632910475284
"AT1404",0.412444653,0.010433444,0.0246724625229289
"AT1405",0.114699249,0,0
"IM0101",0.413071142,0,0
"IM0102",40.19723071,1.714366547,0.0409043477032761
"IM0103",11.11658872,0.277655288,0.0243680307184097
"IM0104",5.72243862,0.729575129,0.113077119389753
"IM0105",5.796733751,0,0
"IM0106",4.472735806,0.028051112,0.00623249056466441
"IM0107",4.248812108,0,0
"IM0108",2.078406903,0.000480185,0.000230981760756407
"IM0109",3.029854088,0.001667052,0.000549906110831211
"IM0111",35.53566612,0.008313185,0.00023388447671166
"IM0112",1.599716056,0.00024859,0.000155372183142602
"IM0113",5.047049694,0.000557876,0.00011052285508796
"IM0114",3.183573017,0.002095771,0.000657874731954087
"IM0115",4.094052357,0,0
"IM0116",1.545639273,0.002029115,0.00131107866241434
"IM0117",14.55605894,0.008684945,0.000596299191291959
"IM0118",74.93266865,0.398608407,0.00529140647248539
"IM0119",12.45570125,0,0
"IM0120",25.25734879,0.120240045,0.00473804055151877
"IM0121",7.434371522,0,0
"IM0122",0.828035386,0,0
"IM0123",9.362046277,0.000978729,0.000104531281222982
"IM0124",4.050322722,0,0
"IM0125",0.016499433,1.88e-05,0.00113813626433287
"IM0126",4.446073601,0,0
"IM0127",0.463951297,0.011045307,0.0232534441446238
"IM0128",1.84356884,0.000234019,0.000126921920560923
"IM0129",10.4663298,0.006017038,0.000574564430788957
"IM0130",0.935463511,0.001407219,0.0015020418025014
"IM0131",14.67987418,0.003037,0.000206839090883883
"IM0132",6.428687965,0.016667915,0.00258603486142956
"IM0133",0.119040754,0,0
"IM0134",5.05457511,0.006331556,0.00125107148142771
"IM0135",3.339239125,0.000166233,4.97792218012007e-05
"IM0136",4.788698114,0,0
"IM0137",45.4261681,0.032865722,0.000722974494545781
"IM0138",1.819055224,0,0
"IM0139",4.371762948,8.17e-06,1.86880780797546e-06
"IM0140",5.866561161,0,0
"IM0141",2.227974769,0,0
"IM0142",2.230825519,0.003929004,0.0017581367257848
"IM0143",1.21793095,0.00134507,0.00110317104407581
"IM0144",1.610666763,0.013994229,0.00861363020895377
"IM0145",0.330260626,0.010688239,0.0313485102817398
"IM0146",11.55939864,0.382048978,0.0319935229146018
"IM0147",1.10873623,0,0
"IM0149",22.90750057,0.325485221,0.0140096164964766
"IM0150",2.89729886,0,0
"IM0151",3.156364591,0,0
"IM0152",4.789705213,0.003773696,0.000787256201944415
"IM0153",3.151993963,0.431774018,0.120480460869434
"IM0154",1.303706004,0.000193516,0.000148413276507687
"IM0155",0.310154988,2.35e-05,7.57628298194554e-05
"IM0156",0.206820427,0.000897958,0.00432295870199453
"IM0157",1.535403851,0.172647851,0.10107882027098
"IM0158",23.94826664,0.991107352,0.0397406667993321
"IM0159",7.059885961,0.102470263,0.0143067811478906
"IM0160",7.184465466,1.294638378,0.152685755690575
"IM0161",6.971245162,0.436468896,0.0589208617641812
"IM0162",1.478404294,0.070364375,0.0454324628386449
"IM0163",10.11921677,0,0
"IM0164",2.347634115,0.021540877,0.00909214265418854
"IM0165",2.911554447,0.032677823,0.0110989283464378
"IM0166",26.18047301,0,0
"IM0167",2.551436015,0.000997618,0.000390849731449217
"IM0168",4.086836553,0.002162504,0.000528859011668879
"IM0169",1.638619453,0.009692006,0.00587996033582146
"IM0170",0.297308466,0.000186059,0.000625419913189999
"IM0171",0.223323032,0.006727989,0.0292456385142494
"IM0172",3.331512209,0.095583041,0.0278903952261029
"IM0201",23.87150123,0.000373167,1.56320778919185e-05
"IM0202",33.91950582,0.058462391,0.0017205970244293
"IM0203",11.83143178,0.000197648,1.6705053281356e-05
"IM0204",2.464671085,0.000589948,0.000239304476119548
"IM0205",3.620967734,0.002032232,0.000560925205374402
"IM0206",26.89181611,0.021876321,0.000812832392139631
"IM0207",17.17863622,0.001860536,0.000108293492698355
"IM0208",5.972770523,2.03e-05,3.3987461810698e-06
"IM0209",8.523552958,0.000299729,3.51635593675998e-05
"IM0210",12.96781368,0.074415054,0.00570570072935511
"IM0211",3.525038826,0.002695314,0.000764035466686274
"IM0212",4.89154337,0.005957484,0.0012164334785433
"IM0301",8.185283125,0,0
"IM0302",0.707286862,0,0
"IM0303",1.208691183,0,0
"IM0304",0.272805604,0.001912449,0.00696149735743796
"IM0401",8.639688201,0,0
"IM0402",1.16559151,0,0
"IM0403",5.062202595,0,0
"IM0501",2.535774423,0,0
"IM0502",3.598383147,0,0
"IM0701",3.567067591,0,0
"IM0901",2.105600017,0.486617756,0.187722559836025
"IM1001",0.426002888,0.0115189,0.0263276031409892
"IM1301",33.06178413,0.006164265,0.000186412078740635
"IM1302",1.83642861,0,0
"IM1303",44.55256272,1.493315514,0.0324310355513503
"IM1304",23.26381433,0.538613696,0.0226285190490507
"IM1401",0.544835492,0.001502628,0.00275036272409474
"IM1402",2.417981061,0.02604296,0.0106557708828673
"IM1403",0.410684543,0.014091156,0.0331731688822434
"IM1404",1.404046246,0.092578894,0.0618584383795664
"IM1405",2.0756916,0.355577495,0.14625180558222
"IM1406",1.403959996,0.202950587,0.12629861869545
"NA0201",4.912173803,5.35e-08,1.08913083215095e-08
"NA0302",21.938281,0.000282799,1.2890497417743e-05
"NA0303",6.540117125,0.00041562,6.35452823499319e-05
"NA0401",8.503369432,0.002782331,0.000327096327166718
"NA0402",20.73203366,0.000141132,6.8073900309995e-06
"NA0403",17.80756353,0,0
"NA0404",31.0457488,2.41e-05,7.76273152471588e-07
"NA0405",5.295933107,0.000310193,5.85684951444734e-05
"NA0406",32.88118277,0.045556428,0.00138356937582107
"NA0407",12.2712287,0.013859118,0.00112812526905129
"NA0408",3.834931097,0.05041866,0.0129766078096737
"NA0409",11.51493468,0.007295374,0.000633156425953097
"NA0410",23.47294808,0.126001372,0.00533927886308182
"NA0411",13.35736663,0.01499286,0.00112118284071048
"NA0412",6.220897427,0,0
"NA0413",38.71615512,0.000181577,4.68993235132367e-06
"NA0414",28.60693861,0.000796979,2.78588634714048e-05
"NA0415",17.53751372,0.000848678,4.83898086229978e-05
"NA0416",24.0666115,0.028320325,0.0011753643963672
"NA0417",1.86933641,0,0
"NA0501",3.464886771,0.043104523,0.01228752279794
"NA0502",11.78100627,0.050131298,0.00423723396941909
"NA0503",10.89441958,0.000313392,2.87654594936317e-05
"NA0504",1.262746092,2.18e-05,1.72636635268519e-05
"NA0505",6.414850512,0.001800576,0.000280609928030421
"NA0506",10.07621302,0.499234178,0.0472069094245408
"NA0507",4.195594609,0.042442702,0.0100147070177599
"NA0508",4.38350591,0.000150521,3.433686064801e-05
"NA0509",6.516524311,0.105517338,0.015934260699785
"NA0510",6.861339164,0.072461833,0.0104505210102441
"NA0511",13.236798,0.001708815,0.000129079134367617
"NA0512",5.423576974,0.005029437,0.000926469266552248
"NA0513",0.447922066,0.021674448,0.0461554703960175
"NA0514",12.40609131,0.13691297,0.0109154845955295
"NA0515",0.57143595,3.34e-05,5.84458291595166e-05
"NA0516",5.052333395,0.000805473,0.000159400527284302
"NA0517",13.55408089,0.000789853,5.8270788041848e-05
"NA0518",22.56991086,0.220057098,0.00965587570836198
"NA0519",1.341599103,0.000446795,0.000332920804471622
"NA0520",3.116632465,0.542063502,0.14815756949722
"NA0521",2.055280004,0.095620863,0.0444561925038268
"NA0522",5.311861262,0.021412375,0.00401486525113769
"NA0523",14.3559503,0.000201925,1.4065398362687e-05
"NA0524",2.614119046,0.012236068,0.00465895412801363
"NA0525",0.61250595,0.087392585,0.124864649130892
"NA0526",0.392466594,8.46e-05,0.0002155132917517
"NA0527",5.223890518,0.002761547,0.000528358682701027
"NA0528",15.76648711,0.004178104,0.000264928837389243
"NA0529",24.89963351,0.371012216,0.0146815487036914
"NA0530",4.169892293,0.001426763,0.000342041205874135
"NA0601",3.025416499,0.084061565,0.0270339791019024
"NA0602",40.09139618,0.169022443,0.00419822865188592
"NA0603",2.245605303,0.131388296,0.055274989404799
"NA0604",1.247356062,0.043831299,0.0339465056148424
"NA0605",42.19708323,0.292457405,0.00688304464179341
"NA0606",61.95989757,0.001603373,2.58769231796851e-05
"NA0607",41.63992156,0.236443122,0.00564621890642843
"NA0608",32.74024404,0.084610385,0.00257763169044123
"NA0609",44.4365564,0.003666209,8.24975390482747e-05
"NA0610",24.40400332,0.017659175,0.00072309471165673
"NA0611",1.468521535,0.03822822,0.0253713132344262
"NA0612",50.58245139,0.000263124,5.20185605948795e-06
"NA0613",22.1705919,0.293761469,0.0130767827666645
"NA0614",30.70715597,0.000828827,2.69906021342362e-05
"NA0615",0.128492009,0.012628324,0.0894862117424284
"NA0616",32.72885739,0.531227032,0.0159719087077427
"NA0617",5.273425811,0.018047786,0.00341072967088642
"NA0701",7.524826641,0.046270295,0.00611143872428686
"NA0801",6.445165671,0.001012027,0.000156996447726533
"NA0802",38.12549371,0.335836243,0.00873178965497018
"NA0803",28.44437783,0.000501254,1.76219416689998e-05
"NA0804",42.89293843,0.00022698,5.29175214350309e-06
"NA0805",25.43820922,0.000129704,5.09876059075657e-06
"NA0806",6.338076891,1.24e-06,1.9564290221275e-07
"NA0807",2.943663602,5.9e-06,2.0043010929017e-06
"NA0808",8.216057129,0.000714365,8.69398644615637e-05
"NA0809",6.102010006,0,0
"NA0810",21.77597786,0.052552916,0.00240753335802979
"NA0811",63.60575927,0.009553615,0.000150177914196075
"NA0812",7.02761999,0.152709056,0.021267696093269
"NA0813",4.680316845,0.004069149,0.000868662190778466
"NA0814",5.777889734,0.000114519,1.98198192638125e-05
"NA0815",44.06759857,0.002044309,4.6388145363759e-05
"NA1101",10.29645247,0.231629153,0.0220010787619632
"NA1102",0.294942101,0,0
"NA1103",7.312667433,0.000196464,2.6865534866661e-05
"NA1104",12.29902432,4.91e-05,3.99217065573059e-06
"NA1105",0.516811445,0,0
"NA1106",12.0181407,0.124574275,0.0102591780550297
"NA1107",9.048774461,0.03537755,0.00389442514360849
"NA1108",15.49909818,0.000944893,6.09606693058768e-05
"NA1109",3.276603421,0,0
"NA1110",15.21992944,0,0
"NA1111",20.9292319,0.034482105,0.00164484713881213
"NA1112",11.8627242,0,0
"NA1113",8.078428992,0.003999958,0.000494895535085403
"NA1114",67.02837932,0,0
"NA1115",81.35932748,0.002140212,2.63049826989593e-05
"NA1116",19.29990302,0.000554444,2.8726987483803e-05
"NA1117",4.796607403,0.610647172,0.112931093502288
"NA1118",2.584901832,0,0
"NA1201",4.575542841,0.000205049,4.48121279688772e-05
"NA1202",7.12192182,0.001001555,0.000140610104485365
"NA1203",2.113324166,0.000251385,0.00011893826075016
"NA1301",7.226029405,0.001275101,0.000176428293417197
"NA1302",6.164308749,0.000396129,6.42575772627278e-05
"NA1303",50.78295119,0.005913474,0.000116432490450836
"NA1304",32.78305345,0.001728834,5.27328193008537e-05
"NA1305",32.90693252,0.008250888,0.000250671184107534
"NA1306",2.049800531,3.44e-05,1.67818391031214e-05
"NA1307",12.42429439,0.000147134,1.18423029088096e-05
"NA1308",13.24416672,0.002908064,0.000219524993058271
"NA1309",22.00127024,0.003885335,0.000176564759415476
"NA1310",22.55965998,0.000564346,2.5015088141194e-05
"NA1311",1.659111127,0,0
"NA1312",14.10439076,0.037964378,0.00268444524476628
"NA1313",13.19190345,0.007264075,0.000550343420237785
"NT0101",21.34823168,0.254869303,0.0117978110272485
"NT0102",0.566469099,0.011449581,0.0198117510235177
"NT0103",10.64777482,0.078597514,0.00732750193193135
"NT0104",22.793114,0.06157962,0.00269439709076266
"NT0105",8.663468511,0.104968111,0.0119711318590859
"NT0106",0.505926061,0.001617127,0.00318618599999809
"NT0107",17.50060934,0.570641767,0.0315773248692759
"NT0108",2.455697431,0.044393208,0.0177566394223838
"NT0109",3.379031106,0.02968403,0.00870827535175999
"NT0111",8.813179036,0.014598844,0.00165373938928332
"NT0112",1.469464104,0.001958073,0.00133073500631355
"NT0113",0.605354455,9.72e-05,0.000160541306968597
"NT0114",0.203297469,3.63e-05,0.00017852420765387
"NT0115",7.020327997,0.218527749,0.0301881618680898
"NT0117",1.485646031,0.050292352,0.0327437301890775
"NT0118",7.165334919,0.196576034,0.0267017674154147
"NT0119",1.190113793,1.66e-06,1.39482265843665e-06
"NT0120",1.966105318,0.054723111,0.0270795433272282
"NT0121",10.33243077,0.08691751,0.00834193345536195
"NT0122",0.298534567,0.008128504,0.0265063020907398
"NT0124",13.74780107,0.526414689,0.0368787117896892
"NT0125",43.31173177,2.657596995,0.0578123950555361
"NT0126",0.777525609,0.042989146,0.0523928981630562
"NT0127",4.107381125,0.369041002,0.0824410637625284
"NT0128",9.447976124,1.301281489,0.121057800998857
"NT0129",5.710963356,0.004227444,0.000739685541207128
"NT0130",2.867134771,2.75e-05,9.59136505043666e-06
"NT0131",0.861214074,0.018852306,0.0214214591403889
"NT0132",22.45349615,2.251895919,0.0911499770054509
"NT0133",21.62352965,1.669695043,0.0716815754369025
"NT0134",0.044662636,0.001948894,0.0418114144719129
"NT0135",66.38999027,2.407211258,0.0349899589595993
"NT0136",11.26905476,0.156978859,0.0137387009555936
"NT0137",8.178161917,0.230768497,0.0274432639632496
"NT0138",4.503288563,2.523247456,0.359102614599434
"NT0139",13.56042677,0.132439279,0.00967213719363538
"NT0140",39.32481223,0.990404989,0.0245665298941571
"NT0141",5.124926258,0.43244528,0.0778147145719952
"NT0142",23.18657369,1.482539803,0.060097003624418
"NT0143",18.12690985,1.430249942,0.073131781772579
"NT0144",0.812780085,0.00880213,0.0107136325973171
"NT0145",8.265288364,0.126675373,0.0150948427531319
"NT0146",0.802966562,0.000315158,0.000392338070384572
"NT0147",1.733840574,0.953346118,0.354774798802851
"NT0148",1.636684589,0.000157652,9.63147187011042e-05
"NT0149",0.691861269,0.060231935,0.080085732299743
"NT0150",47.47418267,0.790727987,0.0163830819582242
"NT0151",1.651092493,0.007853762,0.00473418712410307
"NT0152",2.11647737,0.009295711,0.00437286137597863
"NT0153",18.17918619,0.210833034,0.0114645358132552
"NT0154",14.61202934,0.007265727,0.000496995714684004
"NT0155",1.124761692,0.065980811,0.0554114855510453
"NT0156",14.89393545,1.552074261,0.0943739112571414
"NT0157",15.86613876,0.730349055,0.0440062417507339
"NT0158",8.231556153,1.074941814,0.115504437631819
"NT0159",0.527146047,0.003258556,0.0061435288863811
"NT0160",10.41810998,0.192382342,0.0181313304002973
"NT0161",0.353368752,4.9e-07,1.38665152978991e-06
"NT0162",1.157426935,1.61e-05,1.3909971819909e-05
"NT0163",14.89413648,1.132521708,0.0706648694141352
"NT0164",0.123628409,0.104880678,0.458978149958649
"NT0165",7.066406249,0.031169445,0.00439156218176713
"NT0166",71.4107181,1.490629676,0.0204472169784868
"NT0167",1.658204969,0,0
"NT0168",31.5376148,0.412600785,0.0129138654448926
"NT0169",4.808651521,0.153537324,0.0309414512014607
"NT0170",17.39192564,1.268397691,0.0679729749855319
"NT0171",0.428403664,0.029327063,0.0640705577976197
"NT0173",41.8346026,2.605091123,0.0586208163188065
"NT0174",10.64416072,0.709201106,0.0624661767033514
"NT0175",3.216220077,0.095328119,0.0287865715242032
"NT0176",6.741980027,0.000562876,8.34812633894485e-05
"NT0177",0.490032077,1.59e-05,3.24458027504519e-05
"NT0178",3.457380845,0.033286585,0.00953587979018672
"NT0180",24.58793616,0.947203175,0.0370941063831089
"NT0181",6.619111296,0.059127871,0.00885381153945126
"NT0182",21.01155839,1.349390299,0.0603458430036917
"NT0201",6.935561189,0.61933126,0.0819775085060248
"NT0202",11.29986778,0.003254988,0.000287972453879305
"NT0204",3.630948238,0.00046421,0.000127831802817018
"NT0205",6.167929552,0.00055861,9.05586564048593e-05
"NT0206",7.005945668,0.012946005,0.00184445146087668
"NT0207",0.778435952,0.006710714,0.00854708335474228
"NT0209",6.706052201,0.006220695,0.000926764316109236
"NT0210",75.44959083,2.004787786,0.0258834661361012
"NT0211",1.38933537,0.000324977,0.000233853546085244
"NT0212",21.8978035,0.84942033,0.0373417141514978
"NT0213",6.2267073,0.178119832,0.0278102481658048
"NT0214",2.031736028,0.014444982,0.00705948395054258
"NT0215",1.255444807,0.136468318,0.0980437036973841
"NT0216",0,0,NA
"NT0217",2.43608145,1.81e-06,7.42995951624412e-07
"NT0218",0.186355658,0.007791152,0.0401302086807401
"NT0219",1.859441584,0.031728299,0.0167770750185958
"NT0220",0.023555476,0.001493668,0.0596295027087552
"NT0221",2.070785561,0.017544089,0.00840101513666676
"NT0222",3.291093023,0.042943039,0.0128801963150451
"NT0223",1.142899936,0.008178125,0.00710475273318583
"NT0224",0.481779539,0.000116059,0.00024083847306694
"NT0225",0.227424172,0.001425561,0.00622924475948591
"NT0226",0.123483124,0.007864257,0.059873725232481
"NT0227",0.387882481,0,0
"NT0228",7.531379328,8.17e-05,1.08478288204985e-05
"NT0229",2.629493974,0.084056217,0.0309764740224037
"NT0230",3.954505897,0.000167789,4.24280265130325e-05
"NT0232",3.543224213,0.019398607,0.00544503529565333
"NT0233",0.640829238,0.000458528,0.000715011301182377
"NT0235",4.892258276,0.013198831,0.00269064242375405
"NT0301",0.201300734,0.134608618,0.400728997863686
"NT0302",0.270976735,0.000463969,0.0017092830705302
"NT0303",11.41120489,0.014633279,0.0012807182093391
"NT0304",0.591820483,0.016157975,0.0265765584082586
"NT0305",1.059367888,0.121801328,0.103119287524676
"NT0306",1.67911231,0.009542495,0.00565094474711189
"NT0307",0.104548683,0,0
"NT0308",1.487429702,0.000206289,0.00013866900320241
"NT0309",6.008559612,7.15e-05,1.18995489433867e-05
"NT0310",9.572729128,0.001051115,0.000109791009749627
"NT0401",0,0,NA
"NT0402",11.2540738,0.246932324,0.0214704975667049
"NT0404",22.67459763,0.060108108,0.00264389206056589
"NT0702",10.40477576,1.745108375,0.14363168863256
"NT0703",2.589244845,0.01553892,0.00596553165325798
"NT0704",186.0113344,3.167184622,0.0167417772291138
"NT0707",9.639722318,0.652053933,0.0633567925591701
"NT0708",24.9268391,5.066214419,0.168912925647622
"NT0709",34.70021976,4.348624478,0.111363718001369
"NT0710",33.83425375,0.950670369,0.0273299537968729
"NT0801",24.10467573,0.9950946,0.039645565952077
"NT0802",29.21044136,0.095684583,0.00326500279109239
"NT0803",31.13074924,2.684459855,0.0793861675513617
"NT0805",50.34353241,0.999827463,0.0194733547916053
"NT0902",0.486565934,0.025406181,0.0496241499402756
"NT0903",0.033298859,0.003838337,0.103355595290501
"NT0904",1.205988031,0.707538915,0.369756441882894
"NT0905",0.283057829,0.002378362,0.00833237716516474
"NT0906",0.473990623,0.100058821,0.17430348909109
"NT0907",13.95780848,2.410955773,0.147290029701425
"NT0908",2.543932484,0.557585262,0.179778194956038
"NT0909",2.343218165,0.3935732,0.143808258471321
"NT1001",10.04193079,0.059686423,0.00590860074594672
"NT1002",14.26439599,0.043033713,0.00300778783424507
"NT1003",10.53604949,0.024756203,0.00234415855377484
"NT1004",1.214941522,0.00532939,0.00436738264232263
"NT1005",0.305937362,0.00712203,0.0227497726693343
"NT1006",3.093797629,0.041122636,0.0131176018921808
"NT1007",0.138550613,0.000267909,0.00192992257906333
"NT1008",9.199929871,0.028847045,0.0031257711896782
"NT1010",8.114873548,0.020454743,0.00251431070367852
"NT1201",12.28908575,0.016742399,0.00136052598795316
"NT1301",0.401165096,0.031518474,0.0728441664655767
"NT1303",3.380501162,0.011268566,0.00332232636755227
"NT1304",68.66052648,0.080316947,0.00116840211722589
"NT1305",0.071990032,0.00199082,0.0269099361007629
"NT1306",0.205425483,0.010607366,0.0491007087537877
"NT1307",0.334472675,0,0
"NT1308",3.221294291,0.059669443,0.0181865597542749
"NT1309",7.019266726,0.221062864,0.0305321548214216
"NT1312",0.227003906,5.75e-05,0.000253235461776362
"NT1313",1.632049158,0.023703305,0.014315729874895
"NT1314",0.287353218,0,0
"NT1315",12.64132577,0.015121818,0.00119479165815355
"NT1316",0.968298831,0.00068828,0.000710308725664773
"NT1401",2.42708009,0.287374388,0.105868192054463
"NT1402",0.76333522,0.189279463,0.198694673069615
"NT1403",1.98727404,0.044684464,0.0219908349073255
"NT1404",0.482161111,4.89e-07,1.01418279680505e-06
"NT1405",0.854337318,0.02320856,0.0264471186998157
"NT1406",0.91574449,0.010659107,0.0115058998416216
"NT1407",0.543857644,1.96e-05,3.60375437954525e-05
"OC0105",0.832376817,0.000128214,0.000154009880091644
"OC0106",0.543693741,0,0
"OC0112",0.068397334,0,0
"OC0201",0.611316151,5.18e-05,8.47280265759302e-05
"OC0202",0.52391337,0,0
"OC0701",0.138644078,0,0
"OC0702",0.116301311,0,0
"PA0101",29.78212372,0.00655923,0.000220192010872371
"PA0102",24.03955944,0.014814744,0.000615885655002996
"PA0401",1.614466529,4.08e-05,2.52708670113445e-05
"PA0402",40.50454488,0.003050344,7.53030137467338e-05
"PA0404",22.35958985,0.001161417,5.19399811809552e-05
"PA0405",11.71863269,0.018544736,0.00157999963082436
"PA0406",8.892573901,0,0
"PA0407",4.738331942,0,0
"PA0408",15.05545554,0.115597534,0.00761961173269573
"PA0409",25.39569182,0.00014708,5.79149996104283e-06
"PA0410",9.847807226,0,0
"PA0411",35.88232013,0.005667181,0.0001579130351025
"PA0412",75.13279444,0.208800635,0.00277138590963127
"PA0413",11.99521207,0.001515162,0.000126297945322827
"PA0414",9.901706953,0.045714758,0.00459563888293265
"PA0415",38.64058643,0.482127796,0.0123234751355669
"PA0416",2.962416102,0.030897506,0.0103221747021169
"PA0417",13.82266489,0.039430628,0.00284449259123912
"PA0418",5.128908822,1.61e-05,3.1390594022815e-06
"PA0419",71.65176323,0.651164984,0.0090060665603017
"PA0420",7.782893961,7.85e-05,1.00861207454297e-05
"PA0421",5.102729692,0,0
"PA0422",7.328769739,0.00441683,0.000602307054162718
"PA0423",2.495107987,0.001645131,0.000658908158816205
"PA0424",41.2822378,0.232565458,0.00560198868231862
"PA0426",53.42071817,0.839244342,0.0154671013975433
"PA0427",2.37527367,0.0004386,0.000184618316594374
"PA0428",8.609283502,0.001616576,0.000187736007311267
"PA0429",4.441337779,0.000640363,0.000144161672914418
"PA0430",23.66387352,0.200199439,0.00838915634158324
"PA0431",30.93084445,0.000320858,1.03732916883352e-05
"PA0432",4.517062387,0.000479217,0.000106079155878871
"PA0433",2.548814223,0,0
"PA0434",7.716623613,0.048179375,0.00620484190963481
"PA0435",3.394781098,0,0
"PA0436",86.23484052,0.720879579,0.00829019158462803
"PA0437",9.807322517,0,0
"PA0438",0.753982145,0.004996471,0.00658315121753048
"PA0439",1.389563081,2.17e-05,1.56161756351302e-05
"PA0440",15.74974226,0.001039177,6.5976218650262e-05
"PA0441",4.486107813,0.000314518,7.01044121117986e-05
"PA0442",1.146234535,0,0
"PA0443",21.05677707,0.6737846,0.0310063131469901
"PA0444",23.12844029,0.688887079,0.028923777564423
"PA0445",53.19562799,0.001672228,3.1434452371592e-05
"PA0446",30.10537447,0.128009985,0.00423406070168997
"PA0501",15.41857892,0.000109828,7.1230441054364e-06
"PA0502",5.866336558,0.035667001,0.00604320221827233
"PA0503",3.53840003,0.000327077,9.24278674535273e-05
"PA0504",12.81433313,0.001829185,0.000142724862173377
"PA0505",25.04711181,0.4038929,0.0158694285197042
"PA0506",0.412745496,0,0
"PA0507",4.285228151,0.000451279,0.000105299289732457
"PA0508",0.959879717,0,0
"PA0509",7.929408258,0,0
"PA0510",4.494291228,0.004072544,0.000905338964658548
"PA0511",1.206036813,0.000269283,0.000223229411583774
"PA0512",0.27704557,0.006068646,0.0214353277124028
"PA0513",2.193968635,0.002890482,0.00131573389373607
"PA0514",3.555328743,0,0
"PA0515",10.08138471,0,0
"PA0516",7.008753594,0,0
"PA0517",0.270097221,0.002793121,0.0102353237550635
"PA0518",5.521548675,0.041911475,0.00753334685070046
"PA0519",35.91403343,0.367222523,0.010121549360797
"PA0520",1.152092673,0.083932836,0.0679054237868484
"PA0521",0.927935161,5.45e-07,5.87325174013726e-07
"PA0601",376.3098203,10.72376732,0.0277075883412188
"PA0602",6.64765733,0.461440248,0.0649084138932043
"PA0603",12.19029614,1.229287896,0.091604023843232
"PA0604",1.387765677,0.065079342,0.0447944145100862
"PA0605",98.21512377,4.222330028,0.0412186155693225
"PA0606",39.1400823,1.752589774,0.0428582845070258
"PA0607",6.911261815,0.397845516,0.0544314781522805
"PA0608",204.6995214,15.249321371,0.0693312189274705
"PA0609",20.85026031,0.25534499,0.0120984442933745
"PA0610",17.44583969,0.682647277,0.0376560536046196
"PA0611",128.184597,37.24312857,0.225132325561961
"PA0801",8.048383738,1.61e-06,2.00040123625552e-07
"PA0802",4.126316066,0.014964919,0.00361359662727643
"PA0803",2.258429566,0,0
"PA0804",14.87974836,0.158548053,0.010542953047723
"PA0805",15.8993966,0.001286836,8.09296031318084e-05
"PA0806",2.197583271,0.007888676,0.00357686526492917
"PA0808",4.295816972,0,0
"PA0809",40.52596004,0.608342712,0.0147891825386641
"PA0810",74.15173426,0.396403844,0.00531742111985397
"PA0811",5.766148224,0.035490843,0.00611738210359786
"PA0812",8.404724983,0.006606683,0.000785450302323152
"PA0813",82.75943509,0.368952746,0.0044383483862082
"PA0814",91.22228664,0.939249903,0.0101913437886506
"PA0815",2.284615795,0.029027974,0.0125464319049196
"PA0816",9.774336123,0.124653759,0.0125925736348783
"PA0817",17.36761273,0.306037746,0.0173160460774974
"PA0818",4.343229895,0.001047321,0.000241080609714019
"PA0901",12.41661947,0.54819677,0.0422834199769576
"PA0902",0.932014702,0.025970572,0.027109573293921
"PA0903",2.255834105,0.061309524,0.0264590952553334
"PA0904",2.045963789,0,0
"PA0905",1.108889066,0.000292895,0.000264063977145766
"PA0906",2.380229531,0.014330943,0.00598479059334878
"PA0907",3.051492498,0.09412941,0.0299239427855612
"PA0908",0.491923402,0.027443947,0.0528411095784922
"PA1001",4.877543718,0.047629491,0.00967062253018115
"PA1002",5.900409023,0,0
"PA1003",9.61282768,0,0
"PA1004",0.017731576,0,0
"PA1005",0.297677792,0,0
"PA1006",4.984026093,0,0
"PA1007",2.401020783,0.019468893,0.00804336956816667
"PA1008",1.293208967,0,0
"PA1009",2.079210126,0.003815995,0.00183194774253145
"PA1010",0.505216947,0,0
"PA1011",0.012701566,0,0
"PA1012",2.974678789,0,0
"PA1013",16.36857832,0,0
"PA1014",0.462907737,0,0
"PA1015",0.803093892,0,0
"PA1016",7.432674483,0.081808796,0.0108868158943973
"PA1017",26.2329733,0.386317873,0.0145127032304994
"PA1018",0.946209886,0,0
"PA1019",6.437361544,0.001665801,0.000258703824467141
"PA1020",7.8417283,0.002145908,0.000273577564236226
"PA1021",4.088753755,0,0
"PA1022",5.042229377,0,0
"PA1101",0.214286589,0.222016393,0.508858298383118
"PA1102",42.61440891,1.523628963,0.0345196351361153
"PA1103",46.29774109,0.885246485,0.0187619845732077
"PA1104",22.44402248,0.141733484,0.00627534824275586
"PA1105",10.56369354,0.682510825,0.060688104434958
"PA1106",4.538184545,0.695946216,0.132963093162586
"PA1107",17.36214439,1.986181387,0.102653914860222
"PA1108",20.28628794,3.600356373,0.150726754491863
"PA1109",2.021203237,0.132434587,0.0614934347475502
"PA1110",19.8081213,1.724273387,0.0800781061309923
"PA1111",78.93639832,1.996127035,0.0246640893292808
"PA1112",19.86639274,0.813581341,0.0393415068033131
"PA1113",0.27391907,6e-05,0.000218994830517528
"PA1114",35.03909785,2.97342262,0.0782221905634136
"PA1201",14.13348514,0,0
"PA1202",8.486238773,0,0
"PA1203",0.249503362,0,0
"PA1204",0.40258642,0,0
"PA1205",0.798803698,0,0
"PA1206",0.896347982,0,0
"PA1207",12.27921026,0.004735247,0.000385482579461267
"PA1208",3.536941378,0,0
"PA1209",30.39428163,0,0
"PA1210",3.897385674,0.000141993,3.6431556651218e-05
"PA1211",10.51899079,0.000524771,4.98854720977393e-05
"PA1212",7.101715506,0,0
"PA1213",16.31847668,0.001974461,0.000120980785576435
"PA1214",31.87334038,0.014648597,0.000459376632705363
"PA1215",9.661335158,0,0
"PA1216",5.654105833,0,0
"PA1217",4.634738078,0,0
"PA1218",1.352153737,5.23e-06,3.86788841226536e-06
"PA1219",0.266266113,0,0
"PA1220",7.200091068,0.000520172,7.22399783382834e-05
"PA1221",7.176433387,0,0
"PA1222",8.196145417,5.53e-05,6.74702852082435e-06
"PA1301",0.004449943,0,0
"PA1302",9.254515718,0.000260258,2.81214802686651e-05
"PA1303",13.66669717,0.042295178,0.00308521421023117
"PA1304",0.194894555,0.000423803,0.002169806281087
"PA1305",6.070592583,0,0
"PA1306",4.696315247,0,0
"PA1307",14.88580698,0.016910737,0.00113474181831341
"PA1308",9.597048739,0.251560462,0.0255427397783696
"PA1309",0.639321229,0,0
"PA1310",12.68416276,0.083427722,0.0065343356773244
"PA1311",2.951305541,0.025772439,0.00865695798804706
"PA1312",10.22616361,0.00024242,2.37052977643212e-05
"PA1313",13.48942817,0.032260905,0.0023858635427172
"PA1314",9.404107119,3.18e-05,3.3814898178239e-06
"PA1315",2.679113447,0.008670582,0.00322592213751115
"PA1316",4.985081463,0.065681774,0.0130043264587894
"PA1317",6.400539747,0.029781917,0.00463148168259348
"PA1318",29.00998739,0.024802474,0.000854232943175263
"PA1319",0.746252467,0,0
"PA1320",9.196394852,0.009136666,0.000992519115505135
"PA1321",13.04097196,0.002758234,0.000211460522333463
"PA1322",0.80721627,0,0
"PA1323",0.808518863,0.006313981,0.00774880522611825
"PA1324",1.446243292,0,0
"PA1325",5.324356925,0.017138589,0.00320857500583497
"PA1326",2.156507776,0,0
"PA1327",2.813836917,0.000603554,0.000214449019696462
"PA1328",8.847757469,0.028203786,0.0031775472187998
"PA1329",2.788151755,0.003113053,0.00111528400712026
"PA1330",9.878707073,0,0
"PA1331",0,0,NA
"PA1332",0.063006337,3.82e-05,0.000605920858773219
"PA1333",0.046215306,0.000483951,0.0103631413236403
